[
  {
    "Id": "428519",
    "ThreadId": "208620",
    "Html": "<p>Hello, i've don the exercise of <a href=\"http://blogs.microsoft.co.il/blogs/arik/archive/2009/09/15/windows-ribbon-for-winforms-part-3-first-winforms-ribbon-application.aspx\">http://blogs.microsoft.co.il/blogs/arik/archive/2009/09/15/windows-ribbon-for-winforms-part-3-first-winforms-ribbon-application.aspx</a>&nbsp;but i want to change the label's title. <strong>How can I change thas title of the tab: &quot;LabelInternalToCmd4&quot; to other?</strong></p>",
    "PostedDate": "2010-04-07T14:38:37.89-07:00",
    "UserRole": null,
    "MarkedAsAnswerDate": null
  },
  {
    "Id": "428943",
    "ThreadId": "208620",
    "Html": "<p>Checkout this post: <a href=\"http://blogs.microsoft.co.il/blogs/arik/archive/2009/10/11/windows-ribbon-for-winforms-part-6-tabs-groups-and-helpbutton.aspx\">http://blogs.microsoft.co.il/blogs/arik/archive/2009/10/11/windows-ribbon-for-winforms-part-6-tabs-groups-and-helpbutton.aspx</a></p>\r\n<p>&nbsp;</p>",
    "PostedDate": "2010-04-08T11:13:19.507-07:00",
    "UserRole": null,
    "MarkedAsAnswerDate": null
  }
]