[
  {
    "Id": "624144",
    "ThreadId": "260475",
    "Html": "<p>Hi guys,</p>\n<p>I got this problem when I tried to compile my project on vs2010.&nbsp;</p>\n<p>&nbsp;</p>\n<div>when I tried to \"Run custom tool\" to compile the ribbon.xml from VS2010, I got the following error.</div>\n<blockquote>\n<pre><span style=\"color: #ff0000;\">Error 1 Custom tool error: Generation failed. Error: link.exe failed to generate binary resource .dll file! D:\\TBS\\TBS\\TBS_BA\\TBS_BA\\Ribbon.xml 1 1 TBS_BA</span></pre>\n<pre><span style=\"color: #ff0000;\"><br /></span></pre>\n</blockquote>\n<div>So I tried to repeat the same procedure on the sample application \"01-AddingRibbonSupport\" and \"02-ApplicationMenuButton\", it gave me the same error.</div>\n<div>When I checked log file, it looks like UICC and RC ran successfully, only link.exe failed. And also, I tried both win 7 sdk 3.5 and 4.0, they all gave me this error.</div>\n<div>Please help me, your help will be appreciated.</div>\n<div>Cheers</div>",
    "PostedDate": "2011-06-07T06:50:59.423-07:00",
    "UserRole": null,
    "MarkedAsAnswerDate": null
  },
  {
    "Id": "624168",
    "ThreadId": "260475",
    "Html": "Hi,<br>\r\nThe ribbon generator is creating and executing a bat file to create the ribbon file. The template can be found here...<br>\r\n<br>\r\nC:\\Users\\&lt;Username&gt;\\AppData\\Local\\RibbonGenerator\\Template.bat<br>\r\n<br>\r\nMaybe there is something wrong with the link for the link.exe. You can modify the template file.\r\n<br>\r\n<br>\r\nFor testing you can do the following:<br>\r\n- Create a copy of template.bat file<br>\r\n- Replace all placeholders in your copy, <br>\r\n- Start Visual Studio Command Prompt and execute it. <br>\r\n<br>\r\nBest regards,<br>\r\nBernhard",
    "PostedDate": "2011-06-07T07:22:49.72-07:00",
    "UserRole": null,
    "MarkedAsAnswerDate": null
  },
  {
    "Id": "624199",
    "ThreadId": "260475",
    "Html": "<p>Hi bernhardelbl,</p>\r\n<p>&nbsp;</p>\r\n<p>Thanks for the quick reply.</p>\r\n<p>&nbsp;</p>\r\n<p>And I followed your steps to run it via VS's command Prompt, it works fine.&nbsp;</p>\r\n<p>&nbsp;</p>\r\n<p>But if I looked at the log file which was generated from VS when I did \"run Custom tool\", it shows the command like this:</p>\r\n<p>&nbsp;</p>\r\n<p>\r\n<pre><span style=\"color: #ff0000;\">\"G:\\CodeBase\\RibbonLib_v2.6&gt;cmd /c \"(\"C:\\Program Files\\Microsoft Visual Studio 10.0\\Common7\\Tools\\VC\\bin\\vcvars32.bat\") &amp;&amp; (\"C:\\Program Files\\Microsoft Visual Studio 10.0\\Common7\\Tools\\VC\\bin\\link.exe\" /VERBOSE /NOENTRY /DLL /OUT:\"G:\\CodeBase\\RibbonLib_v2.6\\Samples\\CS\\02-ApplicationMenuButton\\RibbonMarkup.ribbon.dll\" \"G:\\CodeBase\\RibbonLib_v2.6\\Samples\\CS\\02-ApplicationMenuButton\\RibbonMarkup.res\")\"&nbsp;\"</span></pre>\r\n</p>\r\n<p>This is definitely wrong because my VS is installed in D drive other than C, and it cannot find the link.exe at all!!</p>\r\n<p>I guess that could be the problem, any idea about what configuration I need to fix it?</p>\r\n<p>&nbsp;</p>",
    "PostedDate": "2011-06-07T08:22:26.627-07:00",
    "UserRole": null,
    "MarkedAsAnswerDate": null
  },
  {
    "Id": "624204",
    "ThreadId": "260475",
    "Html": "<p>Hi again,<br /> you can hard code the full path (D:\\...link.exe) to link.exe and all other VS paths in the template.bat file.<br /> <br /> Thanks,<br /> Bernhard</p>",
    "PostedDate": "2011-06-07T08:29:20.207-07:00",
    "UserRole": null,
    "MarkedAsAnswerDate": null
  },
  {
    "Id": "624523",
    "ThreadId": "260475",
    "Html": "<p>Thanks again.</p>\n<p>&nbsp;</p>\n<p>But does that mean I need to change that in template.bat manually every time? coz if it is deleted, RibbonGenerator will generate the wrong one again.</p>\n<p>Just curious where does RibbonGenerator read those paths and populate into the template.bat?</p>\n<p>It seems like it picks up the wrong path from somewhere.... maybe they read from windows registry?</p>",
    "PostedDate": "2011-06-07T21:23:39.83-07:00",
    "UserRole": null,
    "MarkedAsAnswerDate": null
  },
  {
    "Id": "624542",
    "ThreadId": "260475",
    "Html": "<p>Template.bat is just a template. You can modify it once and your modification will not be overwritten until you delete the file.<br /> <br /> Try the following:<br /> - Edit C:\\Users\\&lt;Username&gt;\\AppData\\Local\\RibbonGenerator\\Template.bat file <br /> - Hard code your Visual Studio Program Files paths.<br /> <br /> -- The last line in orginal template.bat file should look like<br />cmd /c \"(\"%VS100COMNTOOLS%..\\..\\VC\\bin\\vcvars32.bat\") &amp;&amp; (\"%VS100COMNTOOLS%..\\..\\VC\\bin\\link.exe\" /VERBOSE /NOENTRY /DLL /OUT:\"{DllFilename}\" \"{ResFilename}\")\"<br /> -- Edit the last line to look like...<br /> cmd /c \"(\"D:\\Program Files\\&lt;Your Pathes...&gt;\\VC\\bin\\vcvars32.bat\") &amp;&amp; D:\\Program Files\\&lt;Your Pathes....&gt;\\VC\\bin\\link.exe\" /VERBOSE /NOENTRY /DLL /OUT:\"{DllFilename}\" \"{ResFilename}\")\"<br /> <br /> Look here for more information about how template.bat is created and processed...<br /> http://bernhardelbl.wordpress.com/2010/12/10/ribbongenerator-details-windows-ribbon-for-winforms/<br /> <br /> You can also take a look into the source code of RibbonGenerator to discover what and how paths are generated and replaced. The RibbonGenerator only replaces the place holders looking like {Placeholdername}.</p>\n<p>&nbsp;</p>\n<p>Another option:</p>\n<p>%VS100COMNTOOLS% is an environment variable of your system and can open a Command Prompt and execute \"SET\". Look for the VS100COMNTOOLS entry, whats in there?</p>\n<p><br /> Best regards,<br /> Bernhard</p>",
    "PostedDate": "2011-06-07T23:33:59.953-07:00",
    "UserRole": null,
    "MarkedAsAnswerDate": null
  }
]