[
  {
    "Id": "505771",
    "ThreadId": "230516",
    "Html": "<p>OS: Windows 7 (32bit)</p>\r\n<p>I have installed the Windows 7 SDK (GRMSDK_EN_DVD); however I get this error every time.</p>\r\n<p>Error&nbsp;4&nbsp;The command &quot;IF EXIST &quot;%ProgramW6432%&quot; (<br>&quot;%ProgramW6432%\\Microsoft SDKs\\Windows\\v7.0\\Bin\\UICC.exe&quot; &quot;C:\\Users\\Eric\\Documents\\RIBBON\\RibbonLib_v2.5\\Samples\\CS\\01-AddingRibbonSupport\\RibbonMarkup.xml&quot; &quot;C:\\Users\\Eric\\Documents\\RIBBON\\RibbonLib_v2.5\\Samples\\CS\\01-AddingRibbonSupport\\RibbonMarkup.bml&quot; /res:&quot;C:\\Users\\Eric\\Documents\\RIBBON\\RibbonLib_v2.5\\Samples\\CS\\01-AddingRibbonSupport\\RibbonMarkup.rc&quot;<br>&quot;%ProgramW6432%\\Microsoft SDKs\\Windows\\v7.0\\Bin\\rc.exe&quot; /v &quot;C:\\Users\\Eric\\Documents\\RIBBON\\RibbonLib_v2.5\\Samples\\CS\\01-AddingRibbonSupport\\RibbonMarkup.rc&quot;<br>) ELSE (<br>&quot;%PROGRAMFILES%\\Microsoft SDKs\\Windows\\v7.0\\Bin\\UICC.exe&quot; &quot;C:\\Users\\Eric\\Documents\\RIBBON\\RibbonLib_v2.5\\Samples\\CS\\01-AddingRibbonSupport\\RibbonMarkup.xml&quot; &quot;C:\\Users\\Eric\\Documents\\RIBBON\\RibbonLib_v2.5\\Samples\\CS\\01-AddingRibbonSupport\\RibbonMarkup.bml&quot; /res:&quot;C:\\Users\\Eric\\Documents\\RIBBON\\RibbonLib_v2.5\\Samples\\CS\\01-AddingRibbonSupport\\RibbonMarkup.rc&quot;<br>&quot;%PROGRAMFILES%\\Microsoft SDKs\\Windows\\v7.0\\Bin\\rc.exe&quot; /v &quot;C:\\Users\\Eric\\Documents\\RIBBON\\RibbonLib_v2.5\\Samples\\CS\\01-AddingRibbonSupport\\RibbonMarkup.rc&quot;<br>)<br>cmd /c &quot;(&quot;C:\\Program Files\\Microsoft Visual Studio 9.0\\Common7\\IDE\\..\\..\\VC\\bin\\vcvars32.bat&quot;) &amp;&amp; (&quot;C:\\Program Files\\Microsoft Visual Studio 9.0\\Common7\\IDE\\..\\..\\VC\\bin\\link.exe&quot; /VERBOSE /NOENTRY /DLL /OUT:&quot;C:\\Users\\Eric\\Documents\\RIBBON\\RibbonLib_v2.5\\Samples\\CS\\01-AddingRibbonSupport\\bin\\Debug\\01-AddingRibbonSupport.ribbon.dll&quot; &quot;C:\\Users\\Eric\\Documents\\RIBBON\\RibbonLib_v2.5\\Samples\\CS\\01-AddingRibbonSupport\\RibbonMarkup.res&quot;)&quot;</p>\r\n<p>&nbsp;</p>\r\n<p>&nbsp;</p>\r\n<p><br>&quot; exited with code 255.&nbsp;01-AddingRibbonSupport</p>\r\n<p>I've tried older version of the project with the same result. I have to be missing something. Please help!</p>\r\n<p>&nbsp;</p>",
    "PostedDate": "2010-10-11T21:46:01.577-07:00",
    "UserRole": null,
    "MarkedAsAnswerDate": null
  },
  {
    "Id": "505825",
    "ThreadId": "230516",
    "Html": "<p>Thing that i've tried so far.</p>\r\n<p>1. Repairing&nbsp;VS08</p>\r\n<p>Result: Same</p>\r\n<p>2. Installed VS 2010</p>\r\n<p>Result: Same</p>\r\n<p>3. Uninstall The Win 7 SDK, and reinstall using the websetup @ <a href=\"http://www.microsoft.com/downloads/en/details.aspx?FamilyID=c17ba869-9671-4330-a63e-1fd44e0e2505&displaylang=en\">http://www.microsoft.com/downloads/en/details.aspx?FamilyID=c17ba869-9671-4330-a63e-1fd44e0e2505&amp;displaylang=en</a>&nbsp;</p>\r\n<p>Result: Same</p>\r\n<p>4. Editing the Pre-build event.<br>&quot;C:\\Program Files\\Microsoft SDKs\\Windows\\v7.0\\Bin\\UICC.exe&quot; &quot;$(ProjectDir)RibbonMarkup.xml&quot; &quot;$(ProjectDir)RibbonMarkup.bml&quot; /res:&quot;$(ProjectDir)RibbonMarkup.rc&quot;<br>&quot;C:\\Program Files\\Microsoft SDKs\\Windows\\v7.0\\Bin\\rc.exe&quot; /v &quot;$(ProjectDir)RibbonMarkup.rc&quot;<br>cmd /c &quot;(&quot;$(DevEnvDir)..\\..\\VC\\bin\\vcvars32.bat&quot;) &amp;&amp; (&quot;$(DevEnvDir)..\\..\\VC\\bin\\link.exe&quot; /VERBOSE /NOENTRY /DLL /OUT:&quot;$(ProjectDir)$(OutDir)$(TargetName).ribbon.dll&quot; &quot;$(ProjectDir)RibbonMarkup.res&quot;)</p>\r\n<p>Result:<br>Error&nbsp;4&nbsp;The command &quot;&quot;C:\\Program Files\\Microsoft SDKs\\Windows\\v7.0\\Bin\\UICC.exe&quot; &quot;C:\\Users\\Eric\\Documents\\RIBBON\\RibbonLib_v2.5\\Samples\\CS\\01-AddingRibbonSupport\\RibbonMarkup.xml&quot; &quot;C:\\Users\\Eric\\Documents\\RIBBON\\RibbonLib_v2.5\\Samples\\CS\\01-AddingRibbonSupport\\RibbonMarkup.bml&quot; /res:&quot;C:\\Users\\Eric\\Documents\\RIBBON\\RibbonLib_v2.5\\Samples\\CS\\01-AddingRibbonSupport\\RibbonMarkup.rc&quot;<br>&quot;C:\\Program Files\\Microsoft SDKs\\Windows\\v7.0\\Bin\\rc.exe&quot; /v &quot;C:\\Users\\Eric\\Documents\\RIBBON\\RibbonLib_v2.5\\Samples\\CS\\01-AddingRibbonSupport\\RibbonMarkup.rc&quot;<br>cmd /c &quot;(&quot;C:\\Program Files\\Microsoft Visual Studio 9.0\\Common7\\IDE\\..\\..\\VC\\bin\\vcvars32.bat&quot;) &amp;&amp; (&quot;C:\\Program Files\\Microsoft Visual Studio 9.0\\Common7\\IDE\\..\\..\\VC\\bin\\link.exe&quot; /VERBOSE /NOENTRY /DLL /OUT:&quot;C:\\Users\\Eric\\Documents\\RIBBON\\RibbonLib_v2.5\\Samples\\CS\\01-AddingRibbonSupport\\bin\\Debug\\01-AddingRibbonSupport.ribbon.dll&quot; &quot;C:\\Users\\Eric\\Documents\\RIBBON\\RibbonLib_v2.5\\Samples\\CS\\01-AddingRibbonSupport\\RibbonMarkup.res&quot;)&quot; exited with code 1.&nbsp;01-AddingRibbonSupport</p>\r\n<p>5. Remove Last line of event.<br>&nbsp;&nbsp;&nbsp;&nbsp;&nbsp;&nbsp;&nbsp;&nbsp;&nbsp;&nbsp; Result: Built, but will not work with out the NameHere.Ribbon.dll made by the last line</p>\r\n<p>6. Uninstall/reinstall VS08<br>&nbsp;&nbsp;&nbsp;&nbsp;&nbsp;&nbsp;&nbsp;&nbsp;&nbsp;&nbsp; Result: Same</p>\r\n<p>7. Install on a other computer with a fresh copy of windows 7.<br>&nbsp;&nbsp;&nbsp;&nbsp;&nbsp;&nbsp;&nbsp;&nbsp;&nbsp;&nbsp;&nbsp; Result: Worked.</p>\r\n<p>8. Uninstalling VS08, &nbsp;every SDK from the system, and reinstalling just what is needed for this.<br>&nbsp;&nbsp;&nbsp;&nbsp;&nbsp;&nbsp;&nbsp;&nbsp;&nbsp;&nbsp;&nbsp;&nbsp;&nbsp;Result: Failed, Created Problem in the new install.</p>\r\n<p>9. Reinstall Windows 7 and only needed SDKS. (DirectX, XNA, Windows 7)<br>&nbsp;&nbsp;&nbsp;&nbsp;&nbsp;&nbsp;&nbsp;&nbsp;&nbsp;&nbsp;&nbsp;&nbsp;&nbsp; Result: Works Great now. Lession learned is that when all else fails reinstall Windows.</p>",
    "PostedDate": "2010-10-12T00:34:52.783-07:00",
    "UserRole": null,
    "MarkedAsAnswerDate": null
  },
  {
    "Id": "506534",
    "ThreadId": "230516",
    "Html": "<p>When you get errors in compilation I suggest you take the pre-build steps and try to run them in a Visual Studio command prompt (cmd).</p>\r\n<p>From my experience the error information you will get there is more verbose and can help you find the problem.</p>\r\n<p>If you solve it, please write your answer in this thread so others can benefit from your knowledge.</p>\r\n<p>Thanks,<br>Arik.</p>",
    "PostedDate": "2010-10-13T03:24:04.587-07:00",
    "UserRole": null,
    "MarkedAsAnswerDate": null
  },
  {
    "Id": "748912",
    "ThreadId": "230516",
    "Html": "<p>EricT<br /> The error 255 for a syntax error in you cmd line, no need for uninstall and re-install everything...I just checked the cmd line and you are missing the closing double quote! <br /> <br /> <em>4. Editing the Pre-build event.</em><br /> <em>\"C:\\Program Files\\Microsoft SDKs\\Windows\\v7.0\\Bin\\UICC.exe\" \"$(ProjectDir)RibbonMarkup.xml\" \"$(ProjectDir)RibbonMarkup.bml\" /res:\"$(ProjectDir)RibbonMarkup.rc\"</em><br /> <em><span style=\"color: #ff0000;\"><strong>\"</strong></span>C:\\Program Files\\Microsoft SDKs\\Windows\\v7.0\\Bin\\rc.exe\" /v \"$(ProjectDir)RibbonMarkup.rc\"</em><br /> <em>cmd /c \"(\"$(DevEnvDir)..\\..\\VC\\bin\\vcvars32.bat\") &amp;&amp; (\"$(DevEnvDir)..\\..\\VC\\bin\\link.exe\" /VERBOSE /NOENTRY /DLL /OUT:\"$(ProjectDir)$(OutDir)$(TargetName).ribbon.dll\" \"$(ProjectDir)RibbonMarkup.res\")<span style=\"color: #ff0000;\"><strong>\" &lt;-- this is the  missing double quote.<br /> <br /> </strong></span></em><span style=\"color: #ff0000;\"><span style=\"color: #000000;\">Sorry for this late I just see this, and I think it would help others.<br /> <br /> Bashar.</span></span></p>",
    "PostedDate": "2012-02-09T09:08:14.85-08:00",
    "UserRole": null,
    "MarkedAsAnswerDate": null
  }
]