[
  {
    "Id": "435513",
    "ThreadId": "210567",
    "Html": "<p>Has anyone integrated the Ribbon Framework into the Composite UI Application Block (<a href=\"http://msdn.microsoft.com/en-us/library/cc540687(v=MSDN.10).aspx\">http://msdn.microsoft.com/en-us/library/cc540687(v=MSDN.10).aspx</a>)?</p>\r\n<p>Do you have an specific example/sample?</p>\r\n<p>Michael Herman (Toronto)</p>",
    "PostedDate": "2010-04-26T07:27:16.44-07:00",
    "UserRole": null,
    "MarkedAsAnswerDate": null
  }
]