[
  {
    "Id": "529124",
    "ThreadId": "236613",
    "Html": "\r\n<p>My apologies if this has been covered somewhere else. I've browsed the discussions but didn't find any solution so here I go:</p>\r\n<p>I followed the tutorial; downloaded the SDK, built and installed the generator, built and added the ribbon.dll to my project (I even created a clean project for testing) but no matter what I end up with the following result in the RibbonGenerator.log file\r\n and an error within VS:</p>\r\n<p>2010-12-01 00:52:48 - uicc.exe failed to generate .bml or .rc file!RibbonGenerator.FaildException: uicc.exe failed to generate .bml or .rc file!&nbsp;&nbsp; at RibbonGenerator.Manager.ConvertXmlToDll(String localizedRibbonXmlFilename)&nbsp;&nbsp; at RibbonGenerator.Manager.CreateRibbon(Target\r\n element)</p>\r\n<p>I'm running on Win7 x64 with VS2010. Initially I tried targeting framework 4.0 but I also tried 3.5 and I've tried to compare my project with the sample projects but cannot find where I go wrong.</p>\r\n<p>&nbsp;</p>\r\n<p>Thx in advance<br>\r\n.h&aring;kan&nbsp;</p>\r\n",
    "PostedDate": "2010-11-30T16:07:33.62-08:00",
    "UserRole": null,
    "MarkedAsAnswerDate": null
  },
  {
    "Id": "534134",
    "ThreadId": "236613",
    "Html": "\r\n<p>Try to provide more informaiton about the error.</p>\r\n<p>Maybe check the log files for more information.</p>\r\n<p>&nbsp;</p>\r\n",
    "PostedDate": "2010-12-10T13:36:44.75-08:00",
    "UserRole": null,
    "MarkedAsAnswerDate": null
  },
  {
    "Id": "534819",
    "ThreadId": "236613",
    "Html": "\r\n<p>I've been through the RibbonGenerator.log file and got the result I posted. Is there any more log files to dig into? Any specific type of msgs I should be looking for?</p>\r\n",
    "PostedDate": "2010-12-12T22:43:29.743-08:00",
    "UserRole": null,
    "MarkedAsAnswerDate": null
  },
  {
    "Id": "539234",
    "ThreadId": "236613",
    "Html": "\r\n<p>You can look here...</p>\r\n<p><a title=\"http://bernhardelbl.wordpress.com/2010/12/10/ribbongenerator-details-windows-ribbon-for-winforms/\" href=\"http://bernhardelbl.wordpress.com/2010/12/10/ribbongenerator-details-windows-ribbon-for-winforms/\">http://bernhardelbl.wordpress.com/2010/12/10/ribbongenerator-details-windows-ribbon-for-winforms/</a></p>\r\n<p><a title=\"http://bernhardelbl.wordpress.com/2010/12/10/ribbongenerator-for-visual-studio-2010-express-editions-windows-ribbon-for-winforms/\" href=\"http://bernhardelbl.wordpress.com/2010/12/10/ribbongenerator-for-visual-studio-2010-express-editions-windows-ribbon-for-winforms/\">http://bernhardelbl.wordpress.com/2010/12/10/ribbongenerator-for-visual-studio-2010-express-editions-windows-ribbon-for-winforms/</a></p>\r\n",
    "PostedDate": "2010-12-22T02:13:10.18-08:00",
    "UserRole": null,
    "MarkedAsAnswerDate": null
  }
]