[
  {
    "Id": "426186",
    "ThreadId": "207976",
    "Html": "<p>I use Visual Studio 2010 on Windows 7 (with SDK installed) and when I build your project, I get all kinds of warnings (no errors). Mostly saying<br>&quot;Warning\t1\tUndefined property: 'ApplicationMenu'. Using default value.\tD:\\My Documents\\My Projects\\C#\\Ribbon\\Samples\\01-AddingRibbonSupport\\RibbonMarkup.xml\t8\t01-AddingRibbonSupport&quot; <br>&quot;Warning\t2\tUndefined property: 'Tab'. Using default value.\tD:\\My Documents\\My Projects\\C#\\Ribbon\\Samples\\01-AddingRibbonSupport\\RibbonMarkup.xml\t8\t01-AddingRibbonSupport&quot;<br>&quot;Warning\t4\t/MACHINE not specified; defaulting to X86\tD:\\My Documents\\My Projects\\C#\\Ribbon\\Samples\\01-AddingRibbonSupport\\LINK\t01-AddingRibbonSupport&quot;</p>\r\n<p>When I change the startup project to a sample, it crashes with the error: Error HRESULT E_FAIL has been returned from a call to a COM component.</p>\r\n<p>When I look at the WinForms, they're all empty. They only have two panels: Ribbon Place Holder and Panel2. Some of them have buttons on Panel2.</p>\r\n<p>What can I do to make your project work?</p>",
    "PostedDate": "2010-03-31T14:35:38.607-07:00",
    "UserRole": null,
    "MarkedAsAnswerDate": null
  },
  {
    "Id": "426869",
    "ThreadId": "207976",
    "Html": "<p>Bump?</p>\r\n<p>Is my question unclear? Do I need to rephrase some sentences? Why am I not getting a reply?</p>",
    "PostedDate": "2010-04-02T09:45:25.85-07:00",
    "UserRole": null,
    "MarkedAsAnswerDate": null
  },
  {
    "Id": "426940",
    "ThreadId": "207976",
    "Html": "<p dir=ltr><span style=\"color:black;font-size:10pt\">Those warnings are normal, the UICC (ribbon xml compiler) warns if you don't declare some common ribbon constructs like application menu and a tab.<br>The linker warning can be probably avoided by providing the machine type in the projects prebuild steps, but it should work nonetheless,</span></p>\r\n<p dir=ltr><span style=\"color:black;font-size:10pt\">I tried the same scenario on my laptop with Windows 7 + VS2010 (RC) and it worked.<br>You should concentrate on understanding why you get the error HRESULT. <br>Since you have the code, just find the point (in the ribbon project) that returns the error code. This is probably in the InitFramework method, since this is the entry point for the ribbon related code.</span></p>\r\n<p dir=ltr><span style=\"color:black;font-size:10pt\">Also, make sure you have installed Windows SDK (with the correct bit version,&nbsp;32 or 64).</span></p>\r\n<p dir=rtl>&nbsp;</p>",
    "PostedDate": "2010-04-02T15:30:07.92-07:00",
    "UserRole": null,
    "MarkedAsAnswerDate": null
  },
  {
    "Id": "426980",
    "ThreadId": "207976",
    "Html": "<p>Re: <span style=\"color:black;font-size:10pt\">Also, make sure you have installed Windows SDK (with the correct bit version,&nbsp;32 or 64).</span></p>\r\n<p><span style=\"color:black;font-size:10pt\">Arik, what are the dependencies on the SDK (besides being the ship vehicle for UICC)?&nbsp; ...for example, are there any redistributable components (assemblies, etc) that need to be included in a setup program that installs a Ribbon framework based application?</span></p>\r\n<p><span style=\"color:black;font-size:10pt\">Michael Herman (Toronto)</span></p>",
    "PostedDate": "2010-04-02T19:50:59.903-07:00",
    "UserRole": null,
    "MarkedAsAnswerDate": null
  },
  {
    "Id": "427015",
    "ThreadId": "207976",
    "Html": "<p>Thanks for the reply, Arik.</p>",
    "PostedDate": "2010-04-03T00:54:25.247-07:00",
    "UserRole": null,
    "MarkedAsAnswerDate": null
  },
  {
    "Id": "427229",
    "ThreadId": "207976",
    "Html": "<p>You were right, the problem is in the InitFramework. On the &quot;Framework.LoadUI&quot; line. For some reason it can't load the UI. I can't seem to figure out why though. /blush</p>",
    "PostedDate": "2010-04-04T08:37:56.337-07:00",
    "UserRole": null,
    "MarkedAsAnswerDate": null
  },
  {
    "Id": "428243",
    "ThreadId": "207976",
    "Html": "<p>Make sure the compilation process&nbsp;had no errors.<br>If you are not sure, you can copy the compile output &nbsp;to here and i'll have a look.</p>\r\n<p>Also check what is the error HRESULT, might help us understand what is the problem.</p>",
    "PostedDate": "2010-04-07T04:26:23.33-07:00",
    "UserRole": null,
    "MarkedAsAnswerDate": null
  },
  {
    "Id": "428456",
    "ThreadId": "207976",
    "Html": "<p>I took two screenshots of my visual studio. The first screen is the build of the project. It has no errors, only 69 remarks.</p>\r\n<p><a href=\"http://img535.imageshack.us/i/vsefail.png/\">VS Build</a></p>\r\n<p>I am able to run the project, it just generates an error <strong>&quot;Error HRESULT E_FAIL has been returned from a call to a COM component.&quot;</strong> That's what I got so far. Sorry it's not much and thanks for helping.</p>\r\n<p><a href=\"http://img24.imageshack.us/i/vsnoerrors.png/\">VS Error</a></p>",
    "PostedDate": "2010-04-07T12:09:20.317-07:00",
    "UserRole": null,
    "MarkedAsAnswerDate": null
  },
  {
    "Id": "428950",
    "ThreadId": "207976",
    "Html": "<p>I'm not sure all the warnings I see in the image are legit, specifically I don;t remember seeing &quot;Undefined command on element&quot;.<br>was this ribbon xml changed or is it the original?</p>\r\n<p>Please send the text output of the compilation. you can find it in the outpane pane in visual studio.</p>",
    "PostedDate": "2010-04-08T11:20:11.787-07:00",
    "UserRole": null,
    "MarkedAsAnswerDate": null
  },
  {
    "Id": "429524",
    "ThreadId": "207976",
    "Html": "<p>Here is the Output pane info.</p>\r\n<p>'01-AddingRibbonSupport.vshost.exe' (Managed (v2.0.50727)): Loaded 'C:\\Windows\\assembly\\GAC_32\\mscorlib\\2.0.0.0__b77a5c561934e089\\mscorlib.dll', Skipped loading symbols. Module is optimized and the debugger option 'Just My Code' is enabled.<br>'01-AddingRibbonSupport.vshost.exe' (Managed (v2.0.50727)): Loaded 'C:\\Windows\\assembly\\GAC_MSIL\\Microsoft.VisualStudio.HostingProcess.Utilities\\10.0.0.0__b03f5f7f11d50a3a\\Microsoft.VisualStudio.HostingProcess.Utilities.dll', Skipped loading symbols. Module is optimized and the debugger option 'Just My Code' is enabled.<br>'01-AddingRibbonSupport.vshost.exe' (Managed (v2.0.50727)): Loaded 'C:\\Windows\\assembly\\GAC_MSIL\\System.Windows.Forms\\2.0.0.0__b77a5c561934e089\\System.Windows.Forms.dll', Skipped loading symbols. Module is optimized and the debugger option 'Just My Code' is enabled.<br>'01-AddingRibbonSupport.vshost.exe' (Managed (v2.0.50727)): Loaded 'C:\\Windows\\assembly\\GAC_MSIL\\System\\2.0.0.0__b77a5c561934e089\\System.dll', Skipped loading symbols. Module is optimized and the debugger option 'Just My Code' is enabled.<br>'01-AddingRibbonSupport.vshost.exe' (Managed (v2.0.50727)): Loaded 'C:\\Windows\\assembly\\GAC_MSIL\\System.Drawing\\2.0.0.0__b03f5f7f11d50a3a\\System.Drawing.dll', Skipped loading symbols. Module is optimized and the debugger option 'Just My Code' is enabled.<br>'01-AddingRibbonSupport.vshost.exe' (Managed (v2.0.50727)): Loaded 'C:\\Windows\\assembly\\GAC_MSIL\\Microsoft.VisualStudio.HostingProcess.Utilities.Sync\\10.0.0.0__b03f5f7f11d50a3a\\Microsoft.VisualStudio.HostingProcess.Utilities.Sync.dll', Skipped loading symbols. Module is optimized and the debugger option 'Just My Code' is enabled.<br>'01-AddingRibbonSupport.vshost.exe' (Managed (v2.0.50727)): Loaded 'C:\\Windows\\assembly\\GAC_MSIL\\Microsoft.VisualStudio.Debugger.Runtime\\10.0.0.0__b03f5f7f11d50a3a\\Microsoft.VisualStudio.Debugger.Runtime.dll', Skipped loading symbols. Module is optimized and the debugger option 'Just My Code' is enabled.<br>'01-AddingRibbonSupport.vshost.exe' (Managed (v2.0.50727)): Loaded 'D:\\My Documents\\My Projects\\C#\\Ribbon\\Samples\\01-AddingRibbonSupport\\bin\\Debug\\01-AddingRibbonSupport.vshost.exe', Skipped loading symbols. Module is optimized and the debugger option 'Just My Code' is enabled.<br>'01-AddingRibbonSupport.vshost.exe' (Managed (v2.0.50727)): Loaded 'C:\\Windows\\assembly\\GAC_MSIL\\System.Core\\3.5.0.0__b77a5c561934e089\\System.Core.dll', Skipped loading symbols. Module is optimized and the debugger option 'Just My Code' is enabled.<br>'01-AddingRibbonSupport.vshost.exe' (Managed (v2.0.50727)): Loaded 'C:\\Windows\\assembly\\GAC_MSIL\\System.Xml.Linq\\3.5.0.0__b77a5c561934e089\\System.Xml.Linq.dll', Skipped loading symbols. Module is optimized and the debugger option 'Just My Code' is enabled.<br>'01-AddingRibbonSupport.vshost.exe' (Managed (v2.0.50727)): Loaded 'C:\\Windows\\assembly\\GAC_MSIL\\System.Data.DataSetExtensions\\3.5.0.0__b77a5c561934e089\\System.Data.DataSetExtensions.dll', Skipped loading symbols. Module is optimized and the debugger option 'Just My Code' is enabled.<br>'01-AddingRibbonSupport.vshost.exe' (Managed (v2.0.50727)): Loaded 'C:\\Windows\\assembly\\GAC_32\\System.Data\\2.0.0.0__b77a5c561934e089\\System.Data.dll', Skipped loading symbols. Module is optimized and the debugger option 'Just My Code' is enabled.<br>'01-AddingRibbonSupport.vshost.exe' (Managed (v2.0.50727)): Loaded 'C:\\Windows\\assembly\\GAC_MSIL\\System.Deployment\\2.0.0.0__b03f5f7f11d50a3a\\System.Deployment.dll', Skipped loading symbols. Module is optimized and the debugger option 'Just My Code' is enabled.<br>'01-AddingRibbonSupport.vshost.exe' (Managed (v2.0.50727)): Loaded 'C:\\Windows\\assembly\\GAC_MSIL\\System.Xml\\2.0.0.0__b77a5c561934e089\\System.Xml.dll', Skipped loading symbols. Module is optimized and the debugger option 'Just My Code' is enabled.<br>The thread 'vshost.LoadReference' (0x27c) has exited with code 0 (0x0).<br>'01-AddingRibbonSupport.vshost.exe' (Managed (v2.0.50727)): Loaded 'D:\\My Documents\\My Projects\\C#\\Ribbon\\Samples\\01-AddingRibbonSupport\\bin\\Debug\\01-AddingRibbonSupport.exe', Symbols loaded.<br>'01-AddingRibbonSupport.vshost.exe' (Managed (v2.0.50727)): Loaded 'D:\\My Documents\\My Projects\\C#\\Ribbon\\Samples\\01-AddingRibbonSupport\\bin\\Debug\\Ribbon.dll', Symbols loaded.<br>A first chance exception of type 'System.Runtime.InteropServices.COMException' occurred in mscorlib.dll<br>'01-AddingRibbonSupport.vshost.exe' (Managed (v2.0.50727)): Loaded 'C:\\Windows\\assembly\\GAC_MSIL\\System.Configuration\\2.0.0.0__b03f5f7f11d50a3a\\System.Configuration.dll', Skipped loading symbols. Module is optimized and the debugger option 'Just My Code' is enabled.</p>\r\n<p>I also copied the Call Stack, not sure if it helps.</p>\r\n<p>Ribbon.dll!RibbonLib.Ribbon.InitFramework(RibbonLib.IRibbonForm form, string resourceName, System.IntPtr hInstance) Line 130\tC#<br> Ribbon.dll!RibbonLib.Ribbon.InitFramework(RibbonLib.IRibbonForm form, string resourceName, System.Reflection.Module resourceModule) Line 83 + 0x11 bytes\tC#<br> Ribbon.dll!RibbonLib.Ribbon.InitFramework(RibbonLib.IRibbonForm form) Line 68 + 0x49 bytes\tC#<br> 01-AddingRibbonSupport.exe!_01_AddingRibbonSupport.Form1.Form1_Load(object sender, System.EventArgs e) Line 35 + 0x13 bytes\tC#<br> [External Code]\t<br> 01-AddingRibbonSupport.exe!_01_AddingRibbonSupport.Program.Main() Line 18 + 0x1d bytes\tC#<br> [External Code]</p>\r\n<p>I didn't modify the project in any way, except doing the upgrade from a VS 2008 project to a VS 2010 project.</p>",
    "PostedDate": "2010-04-10T04:44:45.903-07:00",
    "UserRole": null,
    "MarkedAsAnswerDate": null
  },
  {
    "Id": "430866",
    "ThreadId": "207976",
    "Html": "<p>I need to see the output pane right after a complete build.<br>You gave the outpane pane (the correct window) but after loading the application.</p>\r\n<p>In the outpane I can see warning the build system might have issued.</p>",
    "PostedDate": "2010-04-14T04:46:18.613-07:00",
    "UserRole": null,
    "MarkedAsAnswerDate": null
  },
  {
    "Id": "431044",
    "ThreadId": "207976",
    "Html": "Sorry if it's too much, but all your prjects are in the solution. Didn't want to split them up and cause a mess. Here is all the output. Just posted it, now I'm gonna sift through it myself.\r\n\r\n------ Rebuild All started: Project: Ribbon, Configuration: Debug Any CPU ------\r\n  Ribbon -&gt; D:\\My Documents\\My Projects\\C#\\Ribbon\\Ribbon\\bin\\Debug\\Ribbon.dll\r\n------ Rebuild All started: Project: 17-QuickAccessToolbar, Configuration: Debug Any CPU ------\r\nD:\\My Documents\\My Projects\\C#\\Ribbon\\Samples\\17-QuickAccessToolbar\\RibbonMarkup.xml(61): warning SC2002: Undefined property: 'ApplicationMenu'. Using default value.\r\n  D:\\My Documents\\My Projects\\C#\\Ribbon\\Samples\\17-QuickAccessToolbar\\RibbonMarkup.xml : warning SC2001 at /Application/Application.Views/Ribbon/Ribbon.ApplicationMenu/ApplicationMenu: Undefined Command on element.\r\n  Header file generation successful: '(null)'.\r\n  Ribbon markup file validation successful: 'D:\\My Documents\\My Projects\\C#\\Ribbon\\Samples\\17-QuickAccessToolbar\\RibbonMarkup.xml'.\r\n  Ribbon resource file generation successful: 'D:\\My Documents\\My Projects\\C#\\Ribbon\\Samples\\17-QuickAccessToolbar\\RibbonMarkup.rc'.\r\n  Microsoft (R) Windows (R) Resource Compiler Version 6.1.7600.16385\r\n  \r\n  Copyright (C) Microsoft Corporation.  All rights reserved.\r\n  \r\n  \r\n  Creating D:\\My Documents\\My Projects\\C#\\Ribbon\\Samples\\17-QuickAccessToolbar\\RibbonMarkup.res\r\n  \r\n  Using codepage 1252 as default\r\n  \r\n  D:\\My Documents\\My Projects\\C#\\Ribbon\\Samples\\17-QuickAccessToolbar\\RibbonMarkup.rc.....\r\n  Writing BITMAP:60005,\tlang:0x409,\tsize 1066.\r\n  Writing BITMAP:60006,\tlang:0x409,\tsize 4138.....\r\n  Writing BITMAP:60011,\tlang:0x409,\tsize 1066.\r\n  Writing BITMAP:60012,\tlang:0x409,\tsize 4138.....\r\n  Writing BITMAP:60017,\tlang:0x409,\tsize 1066.\r\n  Writing BITMAP:60018,\tlang:0x409,\tsize 4138....\r\n  Writing UIFILE:APPLICATION_RIBBON,\tlang:0x409,\tsize 1421\r\n  Writing STRING:3751,\tlang:0x409,\tsize 310\r\n  Writing STRING:3752,\tlang:0x409,\tsize 146\r\n  Setting environment for using Microsoft Visual Studio 2010 x86 tools.\r\n  Microsoft (R) Incremental Linker Version 10.00.30128.01\r\n  Copyright (C) Microsoft Corporation.  All rights reserved.\r\n  \r\n  \r\n  Starting pass 1\r\nLINK : warning LNK4068: /MACHINE not specified; defaulting to X86\r\n  \r\n  Searching libraries\r\n  \r\n  Finished searching libraries\r\n  \r\n  Finished pass 1\r\n  \r\n  \r\n  Invoking CVTRES.EXE:\r\n   /machine:x86\r\n   /verbose\r\n   /out:&quot;C:\\Users\\Ken\\AppData\\Local\\Temp\\lnk2D58.tmp&quot;\r\n   /readonly\r\n   &quot;D:\\My Documents\\My Projects\\C#\\Ribbon\\Samples\\17-QuickAccessToolbar\\RibbonMarkup.res&quot;\r\n  Microsoft (R) Windows Resource To Object Converter Version 10.00.30128.01\r\n  Copyright (C) Microsoft Corporation.  All rights reserved.\r\n  \r\n  adding resource. type:BITMAP, name:60005, language:0x0409, flags:0x30, size:1066\r\n  adding resource. type:BITMAP, name:60006, language:0x0409, flags:0x30, size:4138\r\n  adding resource. type:BITMAP, name:60011, language:0x0409, flags:0x30, size:1066\r\n  adding resource. type:BITMAP, name:60012, language:0x0409, flags:0x30, size:4138\r\n  adding resource. type:BITMAP, name:60017, language:0x0409, flags:0x30, size:1066\r\n  adding resource. type:BITMAP, name:60018, language:0x0409, flags:0x30, size:4138\r\n  adding resource. type:UIFILE, name:APPLICATION_RIBBON, language:0x0409, flags:0x30, size:1421\r\n  adding resource. type:STRING, name:3751, language:0x0409, flags:0x1030, size:310\r\n  adding resource. type:STRING, name:3752, language:0x0409, flags:0x1030, size:146\r\n  Starting pass 2\r\n       RibbonMarkup.res\r\n  Finished pass 2\r\n  17-QuickAccessToolbar -&gt; D:\\My Documents\\My Projects\\C#\\Ribbon\\Samples\\17-QuickAccessToolbar\\bin\\Debug\\17-QuickAccessToolbar.exe\r\n------ Rebuild All started: Project: 16-RecentItems, Configuration: Debug Any CPU ------\r\nD:\\My Documents\\My Projects\\C#\\Ribbon\\Samples\\16-RecentItems\\RibbonMarkup.xml(68): warning SC2002: Undefined property: 'Tab'. Using default value.\r\nD:\\My Documents\\My Projects\\C#\\Ribbon\\Samples\\16-RecentItems\\RibbonMarkup.xml(68): warning SC2002: Undefined property: 'QuickAccessToolbar'. Using default value.\r\n  D:\\My Documents\\My Projects\\C#\\Ribbon\\Samples\\16-RecentItems\\RibbonMarkup.xml : warning SC2001 at /Application/Application.Views/Ribbon/Ribbon.Tabs/Tab: Undefined Command on element.\r\n  Header file generation successful: '(null)'.\r\n  Ribbon markup file validation successful: 'D:\\My Documents\\My Projects\\C#\\Ribbon\\Samples\\16-RecentItems\\RibbonMarkup.xml'.\r\n  Ribbon resource file generation successful: 'D:\\My Documents\\My Projects\\C#\\Ribbon\\Samples\\16-RecentItems\\RibbonMarkup.rc'.\r\n  Microsoft (R) Windows (R) Resource Compiler Version 6.1.7600.16385\r\n  \r\n  Copyright (C) Microsoft Corporation.  All rights reserved.\r\n  \r\n  \r\n  Creating D:\\My Documents\\My Projects\\C#\\Ribbon\\Samples\\16-RecentItems\\RibbonMarkup.res\r\n  \r\n  Using codepage 1252 as default\r\n  \r\n  D:\\My Documents\\My Projects\\C#\\Ribbon\\Samples\\16-RecentItems\\RibbonMarkup.rc.....\r\n  Writing BITMAP:60005,\tlang:0x409,\tsize 1066.\r\n  Writing BITMAP:60006,\tlang:0x409,\tsize 4138.....\r\n  Writing BITMAP:60011,\tlang:0x409,\tsize 1066.\r\n  Writing BITMAP:60012,\tlang:0x409,\tsize 4138.....\r\n  Writing BITMAP:60017,\tlang:0x409,\tsize 1066.\r\n  Writing BITMAP:60018,\tlang:0x409,\tsize 4138.....\r\n  Writing BITMAP:60023,\tlang:0x409,\tsize 1066.\r\n  Writing BITMAP:60024,\tlang:0x409,\tsize 4138...\r\n  Writing UIFILE:APPLICATION_RIBBON,\tlang:0x409,\tsize 1709\r\n  Writing STRING:3751,\tlang:0x409,\tsize 256\r\n  Writing STRING:3752,\tlang:0x409,\tsize 220\r\n  Setting environment for using Microsoft Visual Studio 2010 x86 tools.\r\n  Microsoft (R) Incremental Linker Version 10.00.30128.01\r\n  Copyright (C) Microsoft Corporation.  All rights reserved.\r\n  \r\n  \r\n  Starting pass 1\r\nLINK : warning LNK4068: /MACHINE not specified; defaulting to X86\r\n  \r\n  Searching libraries\r\n  \r\n  Finished searching libraries\r\n  \r\n  Finished pass 1\r\n  \r\n  \r\n  Invoking CVTRES.EXE:\r\n   /machine:x86\r\n   /verbose\r\n   /out:&quot;C:\\Users\\Ken\\AppData\\Local\\Temp\\lnk30F0.tmp&quot;\r\n   /readonly\r\n   &quot;D:\\My Documents\\My Projects\\C#\\Ribbon\\Samples\\16-RecentItems\\RibbonMarkup.res&quot;\r\n  Microsoft (R) Windows Resource To Object Converter Version 10.00.30128.01\r\n  Copyright (C) Microsoft Corporation.  All rights reserved.\r\n  \r\n  adding resource. type:BITMAP, name:60005, language:0x0409, flags:0x30, size:1066\r\n  adding resource. type:BITMAP, name:60006, language:0x0409, flags:0x30, size:4138\r\n  adding resource. type:BITMAP, name:60011, language:0x0409, flags:0x30, size:1066\r\n  adding resource. type:BITMAP, name:60012, language:0x0409, flags:0x30, size:4138\r\n  adding resource. type:BITMAP, name:60017, language:0x0409, flags:0x30, size:1066\r\n  adding resource. type:BITMAP, name:60018, language:0x0409, flags:0x30, size:4138\r\n  adding resource. type:BITMAP, name:60023, language:0x0409, flags:0x30, size:1066\r\n  adding resource. type:BITMAP, name:60024, language:0x0409, flags:0x30, size:4138\r\n  adding resource. type:UIFILE, name:APPLICATION_RIBBON, language:0x0409, flags:0x30, size:1709\r\n  adding resource. type:STRING, name:3751, language:0x0409, flags:0x1030, size:256\r\n  adding resource. type:STRING, name:3752, language:0x0409, flags:0x1030, size:220\r\n  Starting pass 2\r\n       RibbonMarkup.res\r\n  Finished pass 2\r\n  16-RecentItems -&gt; D:\\My Documents\\My Projects\\C#\\Ribbon\\Samples\\16-RecentItems\\bin\\Debug\\16-RecentItems.exe\r\n------ Rebuild All started: Project: 15-ContextPopup, Configuration: Debug Any CPU ------\r\nD:\\My Documents\\My Projects\\C#\\Ribbon\\Samples\\15-ContextPopup\\RibbonMarkup.xml(110): warning SC2002: Undefined property: 'ApplicationMenu'. Using default value.\r\nD:\\My Documents\\My Projects\\C#\\Ribbon\\Samples\\15-ContextPopup\\RibbonMarkup.xml(110): warning SC2002: Undefined property: 'Tab'. Using default value.\r\nD:\\My Documents\\My Projects\\C#\\Ribbon\\Samples\\15-ContextPopup\\RibbonMarkup.xml(110): warning SC2002: Undefined property: 'QuickAccessToolbar'. Using default value.\r\nD:\\My Documents\\My Projects\\C#\\Ribbon\\Samples\\15-ContextPopup\\RibbonMarkup.xml(90): warning SC2001: Undefined Command on element.\r\n  D:\\My Documents\\My Projects\\C#\\Ribbon\\Samples\\15-ContextPopup\\RibbonMarkup.xml : warning SC2001 at /Application/Application.Views/Ribbon/Ribbon.ApplicationMenu/ApplicationMenu: Undefined Command on element.\r\n  D:\\My Documents\\My Projects\\C#\\Ribbon\\Samples\\15-ContextPopup\\RibbonMarkup.xml : warning SC2001 at /Application/Application.Views/Ribbon/Ribbon.Tabs/Tab: Undefined Command on element.\r\n  Header file generation successful: '(null)'.\r\n  Ribbon markup file validation successful: 'D:\\My Documents\\My Projects\\C#\\Ribbon\\Samples\\15-ContextPopup\\RibbonMarkup.xml'.\r\n  Ribbon resource file generation successful: 'D:\\My Documents\\My Projects\\C#\\Ribbon\\Samples\\15-ContextPopup\\RibbonMarkup.rc'.\r\n  Microsoft (R) Windows (R) Resource Compiler Version 6.1.7600.16385\r\n  \r\n  Copyright (C) Microsoft Corporation.  All rights reserved.\r\n  \r\n  \r\n  Creating D:\\My Documents\\My Projects\\C#\\Ribbon\\Samples\\15-ContextPopup\\RibbonMarkup.res\r\n  \r\n  Using codepage 1252 as default\r\n  \r\n  D:\\My Documents\\My Projects\\C#\\Ribbon\\Samples\\15-ContextPopup\\RibbonMarkup.rc.....\r\n  Writing BITMAP:60005,\tlang:0x409,\tsize 1066.\r\n  Writing BITMAP:60006,\tlang:0x409,\tsize 4138.....\r\n  Writing BITMAP:60011,\tlang:0x409,\tsize 1066.\r\n  Writing BITMAP:60012,\tlang:0x409,\tsize 4138.....\r\n  Writing BITMAP:60017,\tlang:0x409,\tsize 1066.\r\n  Writing BITMAP:60018,\tlang:0x409,\tsize 4138.....\r\n  Writing BITMAP:60023,\tlang:0x409,\tsize 1066.\r\n  Writing BITMAP:60024,\tlang:0x409,\tsize 4138..\r\n  Writing BITMAP:60026,\tlang:0x409,\tsize 4136....\r\n  Writing UIFILE:APPLICATION_RIBBON,\tlang:0x409,\tsize 2024\r\n  Writing STRING:3751,\tlang:0x409,\tsize 310\r\n  Writing STRING:3752,\tlang:0x409,\tsize 310\r\n  Setting environment for using Microsoft Visual Studio 2010 x86 tools.\r\n  Microsoft (R) Incremental Linker Version 10.00.30128.01\r\n  Copyright (C) Microsoft Corporation.  All rights reserved.\r\n  \r\n  \r\n  Starting pass 1\r\nLINK : warning LNK4068: /MACHINE not specified; defaulting to X86\r\n  \r\n  Searching libraries\r\n  \r\n  Finished searching libraries\r\n  \r\n  Finished pass 1\r\n  \r\n  \r\n  Invoking CVTRES.EXE:\r\n   /machine:x86\r\n   /verbose\r\n   /out:&quot;C:\\Users\\Ken\\AppData\\Local\\Temp\\lnk3380.tmp&quot;\r\n   /readonly\r\n   &quot;D:\\My Documents\\My Projects\\C#\\Ribbon\\Samples\\15-ContextPopup\\RibbonMarkup.res&quot;\r\n  Microsoft (R) Windows Resource To Object Converter Version 10.00.30128.01\r\n  Copyright (C) Microsoft Corporation.  All rights reserved.\r\n  \r\n  adding resource. type:BITMAP, name:60005, language:0x0409, flags:0x30, size:1066\r\n  adding resource. type:BITMAP, name:60006, language:0x0409, flags:0x30, size:4138\r\n  adding resource. type:BITMAP, name:60011, language:0x0409, flags:0x30, size:1066\r\n  adding resource. type:BITMAP, name:60012, language:0x0409, flags:0x30, size:4138\r\n  adding resource. type:BITMAP, name:60017, language:0x0409, flags:0x30, size:1066\r\n  adding resource. type:BITMAP, name:60018, language:0x0409, flags:0x30, size:4138\r\n  adding resource. type:BITMAP, name:60023, language:0x0409, flags:0x30, size:1066\r\n  adding resource. type:BITMAP, name:60024, language:0x0409, flags:0x30, size:4138\r\n  adding resource. type:BITMAP, name:60026, language:0x0409, flags:0x30, size:4136\r\n  adding resource. type:UIFILE, name:APPLICATION_RIBBON, language:0x0409, flags:0x30, size:2024\r\n  adding resource. type:STRING, name:3751, language:0x0409, flags:0x1030, size:310\r\n  adding resource. type:STRING, name:3752, language:0x0409, flags:0x1030, size:310\r\n  Starting pass 2\r\n       RibbonMarkup.res\r\n  Finished pass 2\r\n  15-ContextPopup -&gt; D:\\My Documents\\My Projects\\C#\\Ribbon\\Samples\\15-ContextPopup\\bin\\Debug\\15-ContextPopup.exe\r\n------ Rebuild All started: Project: 14-ContextualTabs, Configuration: Debug Any CPU ------\r\nD:\\My Documents\\My Projects\\C#\\Ribbon\\Samples\\14-ContextualTabs\\RibbonMarkup.xml(105): warning SC2002: Undefined property: 'ApplicationMenu'. Using default value.\r\nD:\\My Documents\\My Projects\\C#\\Ribbon\\Samples\\14-ContextualTabs\\RibbonMarkup.xml(105): warning SC2002: Undefined property: 'QuickAccessToolbar'. Using default value.\r\n  D:\\My Documents\\My Projects\\C#\\Ribbon\\Samples\\14-ContextualTabs\\RibbonMarkup.xml : warning SC2001 at /Application/Application.Views/Ribbon/Ribbon.ApplicationMenu/ApplicationMenu: Undefined Command on element.\r\n  Header file generation successful: '(null)'.\r\n  Ribbon markup file validation successful: 'D:\\My Documents\\My Projects\\C#\\Ribbon\\Samples\\14-ContextualTabs\\RibbonMarkup.xml'.\r\n  Ribbon resource file generation successful: 'D:\\My Documents\\My Projects\\C#\\Ribbon\\Samples\\14-ContextualTabs\\RibbonMarkup.rc'.\r\n  Microsoft (R) Windows (R) Resource Compiler Version 6.1.7600.16385\r\n  \r\n  Copyright (C) Microsoft Corporation.  All rights reserved.\r\n  \r\n  \r\n  Creating D:\\My Documents\\My Projects\\C#\\Ribbon\\Samples\\14-ContextualTabs\\RibbonMarkup.res\r\n  \r\n  Using codepage 1252 as default\r\n  \r\n  D:\\My Documents\\My Projects\\C#\\Ribbon\\Samples\\14-ContextualTabs\\RibbonMarkup.rc............\r\n  Writing BITMAP:60012,\tlang:0x409,\tsize 4136.....\r\n  Writing BITMAP:60017,\tlang:0x409,\tsize 4138..\r\n  Writing BITMAP:60019,\tlang:0x409,\tsize 4136..\r\n  Writing BITMAP:60021,\tlang:0x409,\tsize 4136..\r\n  Writing BITMAP:60023,\tlang:0x409,\tsize 4136..\r\n  Writing BITMAP:60025,\tlang:0x409,\tsize 4136..\r\n  Writing BITMAP:60027,\tlang:0x409,\tsize 4136..\r\n  Writing UIFILE:APPLICATION_RIBBON,\tlang:0x409,\tsize 1779\r\n  Writing STRING:3751,\tlang:0x409,\tsize 308\r\n  Writing STRING:3752,\tlang:0x409,\tsize 206\r\n  Setting environment for using Microsoft Visual Studio 2010 x86 tools.\r\n  Microsoft (R) Incremental Linker Version 10.00.30128.01\r\n  Copyright (C) Microsoft Corporation.  All rights reserved.\r\n  \r\n  \r\n  Starting pass 1\r\nLINK : warning LNK4068: /MACHINE not specified; defaulting to X86\r\n  \r\n  Searching libraries\r\n  \r\n  Finished searching libraries\r\n  \r\n  Finished pass 1\r\n  \r\n  \r\n  Invoking CVTRES.EXE:\r\n   /machine:x86\r\n   /verbose\r\n   /out:&quot;C:\\Users\\Ken\\AppData\\Local\\Temp\\lnk36AB.tmp&quot;\r\n   /readonly\r\n   &quot;D:\\My Documents\\My Projects\\C#\\Ribbon\\Samples\\14-ContextualTabs\\RibbonMarkup.res&quot;\r\n  Microsoft (R) Windows Resource To Object Converter Version 10.00.30128.01\r\n  Copyright (C) Microsoft Corporation.  All rights reserved.\r\n  \r\n  adding resource. type:BITMAP, name:60012, language:0x0409, flags:0x30, size:4136\r\n  adding resource. type:BITMAP, name:60017, language:0x0409, flags:0x30, size:4138\r\n  adding resource. type:BITMAP, name:60019, language:0x0409, flags:0x30, size:4136\r\n  adding resource. type:BITMAP, name:60021, language:0x0409, flags:0x30, size:4136\r\n  adding resource. type:BITMAP, name:60023, language:0x0409, flags:0x30, size:4136\r\n  adding resource. type:BITMAP, name:60025, language:0x0409, flags:0x30, size:4136\r\n  adding resource. type:BITMAP, name:60027, language:0x0409, flags:0x30, size:4136\r\n  adding resource. type:UIFILE, name:APPLICATION_RIBBON, language:0x0409, flags:0x30, size:1779\r\n  adding resource. type:STRING, name:3751, language:0x0409, flags:0x1030, size:308\r\n  adding resource. type:STRING, name:3752, language:0x0409, flags:0x1030, size:206\r\n  Starting pass 2\r\n       RibbonMarkup.res\r\n  Finished pass 2\r\n  14-ContextualTabs -&gt; D:\\My Documents\\My Projects\\C#\\Ribbon\\Samples\\14-ContextualTabs\\bin\\Debug\\14-ContextualTabs.exe\r\n------ Rebuild All started: Project: 13-ApplicationModes, Configuration: Debug Any CPU ------\r\nD:\\My Documents\\My Projects\\C#\\Ribbon\\Samples\\13-ApplicationModes\\RibbonMarkup.xml(113): warning SC2002: Undefined property: 'ApplicationMenu'. Using default value.\r\nD:\\My Documents\\My Projects\\C#\\Ribbon\\Samples\\13-ApplicationModes\\RibbonMarkup.xml(113): warning SC2002: Undefined property: 'QuickAccessToolbar'. Using default value.\r\n  D:\\My Documents\\My Projects\\C#\\Ribbon\\Samples\\13-ApplicationModes\\RibbonMarkup.xml : warning SC2001 at /Application/Application.Views/Ribbon/Ribbon.ApplicationMenu/ApplicationMenu: Undefined Command on element.\r\n  Header file generation successful: '(null)'.\r\n  Ribbon markup file validation successful: 'D:\\My Documents\\My Projects\\C#\\Ribbon\\Samples\\13-ApplicationModes\\RibbonMarkup.xml'.\r\n  Ribbon resource file generation successful: 'D:\\My Documents\\My Projects\\C#\\Ribbon\\Samples\\13-ApplicationModes\\RibbonMarkup.rc'.\r\n  Microsoft (R) Windows (R) Resource Compiler Version 6.1.7600.16385\r\n  \r\n  Copyright (C) Microsoft Corporation.  All rights reserved.\r\n  \r\n  \r\n  Creating D:\\My Documents\\My Projects\\C#\\Ribbon\\Samples\\13-ApplicationModes\\RibbonMarkup.res\r\n  \r\n  Using codepage 1252 as default\r\n  \r\n  D:\\My Documents\\My Projects\\C#\\Ribbon\\Samples\\13-ApplicationModes\\RibbonMarkup.rc.........\r\n  Writing BITMAP:60009,\tlang:0x409,\tsize 4138.....\r\n  Writing BITMAP:60014,\tlang:0x409,\tsize 4138.....\r\n  Writing BITMAP:60019,\tlang:0x409,\tsize 4138....\r\n  Writing BITMAP:60023,\tlang:0x409,\tsize 4136....\r\n  Writing BITMAP:60027,\tlang:0x409,\tsize 4136....\r\n  Writing BITMAP:60031,\tlang:0x409,\tsize 4136.....\r\n  Writing BITMAP:60036,\tlang:0x409,\tsize 4138.....\r\n  Writing BITMAP:60041,\tlang:0x409,\tsize 4136..\r\n  Writing UIFILE:APPLICATION_RIBBON,\tlang:0x409,\tsize 1858\r\n  Writing STRING:3751,\tlang:0x409,\tsize 300\r\n  Writing STRING:3752,\tlang:0x409,\tsize 280\r\n  Writing STRING:3753,\tlang:0x409,\tsize 300\r\n  Setting environment for using Microsoft Visual Studio 2010 x86 tools.\r\n  Microsoft (R) Incremental Linker Version 10.00.30128.01\r\n  Copyright (C) Microsoft Corporation.  All rights reserved.\r\n  \r\n  \r\n  Starting pass 1\r\nLINK : warning LNK4068: /MACHINE not specified; defaulting to X86\r\n  \r\n  Searching libraries\r\n  \r\n  Finished searching libraries\r\n  \r\n  Finished pass 1\r\n  \r\n  \r\n  Invoking CVTRES.EXE:\r\n   /machine:x86\r\n   /verbose\r\n   /out:&quot;C:\\Users\\Ken\\AppData\\Local\\Temp\\lnk394A.tmp&quot;\r\n   /readonly\r\n   &quot;D:\\My Documents\\My Projects\\C#\\Ribbon\\Samples\\13-ApplicationModes\\RibbonMarkup.res&quot;\r\n  Microsoft (R) Windows Resource To Object Converter Version 10.00.30128.01\r\n  Copyright (C) Microsoft Corporation.  All rights reserved.\r\n  \r\n  adding resource. type:BITMAP, name:60009, language:0x0409, flags:0x30, size:4138\r\n  adding resource. type:BITMAP, name:60014, language:0x0409, flags:0x30, size:4138\r\n  adding resource. type:BITMAP, name:60019, language:0x0409, flags:0x30, size:4138\r\n  adding resource. type:BITMAP, name:60023, language:0x0409, flags:0x30, size:4136\r\n  adding resource. type:BITMAP, name:60027, language:0x0409, flags:0x30, size:4136\r\n  adding resource. type:BITMAP, name:60031, language:0x0409, flags:0x30, size:4136\r\n  adding resource. type:BITMAP, name:60036, language:0x0409, flags:0x30, size:4138\r\n  adding resource. type:BITMAP, name:60041, language:0x0409, flags:0x30, size:4136\r\n  adding resource. type:UIFILE, name:APPLICATION_RIBBON, language:0x0409, flags:0x30, size:1858\r\n  adding resource. type:STRING, name:3751, language:0x0409, flags:0x1030, size:300\r\n  adding resource. type:STRING, name:3752, language:0x0409, flags:0x1030, size:280\r\n  adding resource. type:STRING, name:3753, language:0x0409, flags:0x1030, size:300\r\n  Starting pass 2\r\n       RibbonMarkup.res\r\n  Finished pass 2\r\n  13-ApplicationModes -&gt; D:\\My Documents\\My Projects\\C#\\Ribbon\\Samples\\13-ApplicationModes\\bin\\Debug\\13-ApplicationModes.exe\r\n------ Rebuild All started: Project: 12-FontControl, Configuration: Debug Any CPU ------\r\nD:\\My Documents\\My Projects\\C#\\Ribbon\\Samples\\12-FontControl\\RibbonMarkup.xml(10): warning SC2002: Undefined property: 'ApplicationMenu'. Using default value.\r\nD:\\My Documents\\My Projects\\C#\\Ribbon\\Samples\\12-FontControl\\RibbonMarkup.xml(10): warning SC2002: Undefined property: 'QuickAccessToolbar'. Using default value.\r\n  D:\\My Documents\\My Projects\\C#\\Ribbon\\Samples\\12-FontControl\\RibbonMarkup.xml : warning SC2001 at /Application/Application.Views/Ribbon/Ribbon.ApplicationMenu/ApplicationMenu: Undefined Command on element.\r\n  Header file generation successful: '(null)'.\r\n  Ribbon markup file validation successful: 'D:\\My Documents\\My Projects\\C#\\Ribbon\\Samples\\12-FontControl\\RibbonMarkup.xml'.\r\n  Ribbon resource file generation successful: 'D:\\My Documents\\My Projects\\C#\\Ribbon\\Samples\\12-FontControl\\RibbonMarkup.rc'.\r\n  Microsoft (R) Windows (R) Resource Compiler Version 6.1.7600.16385\r\n  \r\n  Copyright (C) Microsoft Corporation.  All rights reserved.\r\n  \r\n  \r\n  Creating D:\\My Documents\\My Projects\\C#\\Ribbon\\Samples\\12-FontControl\\RibbonMarkup.res\r\n  \r\n  Using codepage 1252 as default\r\n  \r\n  D:\\My Documents\\My Projects\\C#\\Ribbon\\Samples\\12-FontControl\\RibbonMarkup.rc.....\r\n  Writing UIFILE:APPLICATION_RIBBON,\tlang:0x409,\tsize 2301\r\n  Writing STRING:3751,\tlang:0x409,\tsize 96\r\n  Setting environment for using Microsoft Visual Studio 2010 x86 tools.\r\n  Microsoft (R) Incremental Linker Version 10.00.30128.01\r\n  Copyright (C) Microsoft Corporation.  All rights reserved.\r\n  \r\n  \r\n  Starting pass 1\r\nLINK : warning LNK4068: /MACHINE not specified; defaulting to X86\r\n  \r\n  Searching libraries\r\n  \r\n  Finished searching libraries\r\n  \r\n  Finished pass 1\r\n  \r\n  \r\n  Invoking CVTRES.EXE:\r\n   /machine:x86\r\n   /verbose\r\n   /out:&quot;C:\\Users\\Ken\\AppData\\Local\\Temp\\lnk3BF8.tmp&quot;\r\n   /readonly\r\n   &quot;D:\\My Documents\\My Projects\\C#\\Ribbon\\Samples\\12-FontControl\\RibbonMarkup.res&quot;\r\n  Microsoft (R) Windows Resource To Object Converter Version 10.00.30128.01\r\n  Copyright (C) Microsoft Corporation.  All rights reserved.\r\n  \r\n  adding resource. type:UIFILE, name:APPLICATION_RIBBON, language:0x0409, flags:0x30, size:2301\r\n  adding resource. type:STRING, name:3751, language:0x0409, flags:0x1030, size:96\r\n  Starting pass 2\r\n       RibbonMarkup.res\r\n  Finished pass 2\r\n  12-FontControl -&gt; D:\\My Documents\\My Projects\\C#\\Ribbon\\Samples\\12-FontControl\\bin\\Debug\\12-FontControl.exe\r\n------ Rebuild All started: Project: 11-DropDownColorPicker, Configuration: Debug Any CPU ------\r\nD:\\My Documents\\My Projects\\C#\\Ribbon\\Samples\\11-DropDownColorPicker\\RibbonMarkup.xml(44): warning SC2002: Undefined property: 'ApplicationMenu'. Using default value.\r\nD:\\My Documents\\My Projects\\C#\\Ribbon\\Samples\\11-DropDownColorPicker\\RibbonMarkup.xml(44): warning SC2002: Undefined property: 'QuickAccessToolbar'. Using default value.\r\n  D:\\My Documents\\My Projects\\C#\\Ribbon\\Samples\\11-DropDownColorPicker\\RibbonMarkup.xml : warning SC2001 at /Application/Application.Views/Ribbon/Ribbon.ApplicationMenu/ApplicationMenu: Undefined Command on element.\r\n  Header file generation successful: '(null)'.\r\n  Ribbon markup file validation successful: 'D:\\My Documents\\My Projects\\C#\\Ribbon\\Samples\\11-DropDownColorPicker\\RibbonMarkup.xml'.\r\n  Ribbon resource file generation successful: 'D:\\My Documents\\My Projects\\C#\\Ribbon\\Samples\\11-DropDownColorPicker\\RibbonMarkup.rc'.\r\n  Microsoft (R) Windows (R) Resource Compiler Version 6.1.7600.16385\r\n  \r\n  Copyright (C) Microsoft Corporation.  All rights reserved.\r\n  \r\n  \r\n  Creating D:\\My Documents\\My Projects\\C#\\Ribbon\\Samples\\11-DropDownColorPicker\\RibbonMarkup.res\r\n  \r\n  Using codepage 1252 as default\r\n  \r\n  D:\\My Documents\\My Projects\\C#\\Ribbon\\Samples\\11-DropDownColorPicker\\RibbonMarkup.rc.....\r\n  Writing BITMAP:60005,\tlang:0x409,\tsize 4136..\r\n  Writing BITMAP:60007,\tlang:0x409,\tsize 4136..\r\n  Writing BITMAP:60009,\tlang:0x409,\tsize 4136..\r\n  Writing BITMAP:60011,\tlang:0x409,\tsize 4138..\r\n  Writing UIFILE:APPLICATION_RIBBON,\tlang:0x409,\tsize 1480\r\n  Writing STRING:3751,\tlang:0x409,\tsize 224\r\n  Setting environment for using Microsoft Visual Studio 2010 x86 tools.\r\n  Microsoft (R) Incremental Linker Version 10.00.30128.01\r\n  Copyright (C) Microsoft Corporation.  All rights reserved.\r\n  \r\n  \r\n  Starting pass 1\r\nLINK : warning LNK4068: /MACHINE not specified; defaulting to X86\r\n  \r\n  Searching libraries\r\n  \r\n  Finished searching libraries\r\n  \r\n  Finished pass 1\r\n  \r\n  \r\n  Invoking CVTRES.EXE:\r\n   /machine:x86\r\n   /verbose\r\n   /out:&quot;C:\\Users\\Ken\\AppData\\Local\\Temp\\lnk3ED5.tmp&quot;\r\n   /readonly\r\n   &quot;D:\\My Documents\\My Projects\\C#\\Ribbon\\Samples\\11-DropDownColorPicker\\RibbonMarkup.res&quot;\r\n  Microsoft (R) Windows Resource To Object Converter Version 10.00.30128.01\r\n  Copyright (C) Microsoft Corporation.  All rights reserved.\r\n  \r\n  adding resource. type:BITMAP, name:60005, language:0x0409, flags:0x30, size:4136\r\n  adding resource. type:BITMAP, name:60007, language:0x0409, flags:0x30, size:4136\r\n  adding resource. type:BITMAP, name:60009, language:0x0409, flags:0x30, size:4136\r\n  adding resource. type:BITMAP, name:60011, language:0x0409, flags:0x30, size:4138\r\n  adding resource. type:UIFILE, name:APPLICATION_RIBBON, language:0x0409, flags:0x30, size:1480\r\n  adding resource. type:STRING, name:3751, language:0x0409, flags:0x1030, size:224\r\n  Starting pass 2\r\n       RibbonMarkup.res\r\n  Finished pass 2\r\n  11-DropDownColorPicker -&gt; D:\\My Documents\\My Projects\\C#\\Ribbon\\Samples\\11-DropDownColorPicker\\bin\\Debug\\11-DropDownColorPicker.exe\r\n------ Rebuild All started: Project: 10-CheckBox, Configuration: Debug Any CPU ------\r\nD:\\My Documents\\My Projects\\C#\\Ribbon\\Samples\\10-CheckBox\\RibbonMarkup.xml(97): warning SC2002: Undefined property: 'ApplicationMenu'. Using default value.\r\nD:\\My Documents\\My Projects\\C#\\Ribbon\\Samples\\10-CheckBox\\RibbonMarkup.xml(97): warning SC2002: Undefined property: 'QuickAccessToolbar'. Using default value.\r\n  D:\\My Documents\\My Projects\\C#\\Ribbon\\Samples\\10-CheckBox\\RibbonMarkup.xml : warning SC2001 at /Application/Application.Views/Ribbon/Ribbon.ApplicationMenu/ApplicationMenu: Undefined Command on element.\r\n  Header file generation successful: '(null)'.\r\n  D:\\My Documents\\My Projects\\C#\\Ribbon\\Samples\\10-CheckBox\\RibbonMarkup.xml(114): info SC3004 : Group.SizeDefinition property not specified.\r\n  Ribbon markup file validation successful: 'D:\\My Documents\\My Projects\\C#\\Ribbon\\Samples\\10-CheckBox\\RibbonMarkup.xml'.\r\n  Ribbon resource file generation successful: 'D:\\My Documents\\My Projects\\C#\\Ribbon\\Samples\\10-CheckBox\\RibbonMarkup.rc'.\r\n  Microsoft (R) Windows (R) Resource Compiler Version 6.1.7600.16385\r\n  \r\n  Copyright (C) Microsoft Corporation.  All rights reserved.\r\n  \r\n  \r\n  Creating D:\\My Documents\\My Projects\\C#\\Ribbon\\Samples\\10-CheckBox\\RibbonMarkup.res\r\n  \r\n  Using codepage 1252 as default\r\n  \r\n  D:\\My Documents\\My Projects\\C#\\Ribbon\\Samples\\10-CheckBox\\RibbonMarkup.rc..\r\n  Writing BITMAP:60002,\tlang:0x409,\tsize 1066.\r\n  Writing BITMAP:60003,\tlang:0x409,\tsize 4138..\r\n  Writing BITMAP:60005,\tlang:0x409,\tsize 1066.\r\n  Writing BITMAP:60006,\tlang:0x409,\tsize 4138..\r\n  Writing BITMAP:60008,\tlang:0x409,\tsize 1066.\r\n  Writing BITMAP:60009,\tlang:0x409,\tsize 4138..\r\n  Writing BITMAP:60011,\tlang:0x409,\tsize 1066.\r\n  Writing BITMAP:60012,\tlang:0x409,\tsize 4138....\r\n  Writing BITMAP:60016,\tlang:0x409,\tsize 4136....\r\n  Writing BITMAP:60020,\tlang:0x409,\tsize 4136....\r\n  Writing BITMAP:60024,\tlang:0x409,\tsize 4136.....\r\n  Writing UIFILE:APPLICATION_RIBBON,\tlang:0x409,\tsize 1598\r\n  Writing STRING:3751,\tlang:0x409,\tsize 154\r\n  Writing STRING:3752,\tlang:0x409,\tsize 202\r\n  Setting environment for using Microsoft Visual Studio 2010 x86 tools.\r\n  Microsoft (R) Incremental Linker Version 10.00.30128.01\r\n  Copyright (C) Microsoft Corporation.  All rights reserved.\r\n  \r\n  \r\n  Starting pass 1\r\nLINK : warning LNK4068: /MACHINE not specified; defaulting to X86\r\n  \r\n  Searching libraries\r\n  \r\n  Finished searching libraries\r\n  \r\n  Finished pass 1\r\n  \r\n  \r\n  Invoking CVTRES.EXE:\r\n   /machine:x86\r\n   /verbose\r\n   /out:&quot;C:\\Users\\Ken\\AppData\\Local\\Temp\\lnk4184.tmp&quot;\r\n   /readonly\r\n   &quot;D:\\My Documents\\My Projects\\C#\\Ribbon\\Samples\\10-CheckBox\\RibbonMarkup.res&quot;\r\n  Microsoft (R) Windows Resource To Object Converter Version 10.00.30128.01\r\n  Copyright (C) Microsoft Corporation.  All rights reserved.\r\n  \r\n  adding resource. type:BITMAP, name:60002, language:0x0409, flags:0x30, size:1066\r\n  adding resource. type:BITMAP, name:60003, language:0x0409, flags:0x30, size:4138\r\n  adding resource. type:BITMAP, name:60005, language:0x0409, flags:0x30, size:1066\r\n  adding resource. type:BITMAP, name:60006, language:0x0409, flags:0x30, size:4138\r\n  adding resource. type:BITMAP, name:60008, language:0x0409, flags:0x30, size:1066\r\n  adding resource. type:BITMAP, name:60009, language:0x0409, flags:0x30, size:4138\r\n  adding resource. type:BITMAP, name:60011, language:0x0409, flags:0x30, size:1066\r\n  adding resource. type:BITMAP, name:60012, language:0x0409, flags:0x30, size:4138\r\n  adding resource. type:BITMAP, name:60016, language:0x0409, flags:0x30, size:4136\r\n  adding resource. type:BITMAP, name:60020, language:0x0409, flags:0x30, size:4136\r\n  adding resource. type:BITMAP, name:60024, language:0x0409, flags:0x30, size:4136\r\n  adding resource. type:UIFILE, name:APPLICATION_RIBBON, language:0x0409, flags:0x30, size:1598\r\n  adding resource. type:STRING, name:3751, language:0x0409, flags:0x1030, size:154\r\n  adding resource. type:STRING, name:3752, language:0x0409, flags:0x1030, size:202\r\n  Starting pass 2\r\n       RibbonMarkup.res\r\n  Finished pass 2\r\n  10-CheckBox -&gt; D:\\My Documents\\My Projects\\C#\\Ribbon\\Samples\\10-CheckBox\\bin\\Debug\\10-CheckBox.exe\r\n------ Rebuild All started: Project: 09-Galleries, Configuration: Debug Any CPU ------\r\nD:\\My Documents\\My Projects\\C#\\Ribbon\\Samples\\09-Galleries\\RibbonMarkup.xml(62): warning SC2002: Undefined property: 'ApplicationMenu'. Using default value.\r\nD:\\My Documents\\My Projects\\C#\\Ribbon\\Samples\\09-Galleries\\RibbonMarkup.xml(62): warning SC2002: Undefined property: 'QuickAccessToolbar'. Using default value.\r\n  D:\\My Documents\\My Projects\\C#\\Ribbon\\Samples\\09-Galleries\\RibbonMarkup.xml : warning SC2001 at /Application/Application.Views/Ribbon/Ribbon.ApplicationMenu/ApplicationMenu: Undefined Command on element.\r\n  Header file generation successful: '(null)'.\r\n  Ribbon markup file validation successful: 'D:\\My Documents\\My Projects\\C#\\Ribbon\\Samples\\09-Galleries\\RibbonMarkup.xml'.\r\n  Ribbon resource file generation successful: 'D:\\My Documents\\My Projects\\C#\\Ribbon\\Samples\\09-Galleries\\RibbonMarkup.rc'.\r\n  Microsoft (R) Windows (R) Resource Compiler Version 6.1.7600.16385\r\n  \r\n  Copyright (C) Microsoft Corporation.  All rights reserved.\r\n  \r\n  \r\n  Creating D:\\My Documents\\My Projects\\C#\\Ribbon\\Samples\\09-Galleries\\RibbonMarkup.res\r\n  \r\n  Using codepage 1252 as default\r\n  \r\n  D:\\My Documents\\My Projects\\C#\\Ribbon\\Samples\\09-Galleries\\RibbonMarkup.rc....\r\n  Writing BITMAP:60004,\tlang:0x409,\tsize 1066.\r\n  Writing BITMAP:60005,\tlang:0x409,\tsize 4138..\r\n  Writing BITMAP:60007,\tlang:0x409,\tsize 1066.\r\n  Writing BITMAP:60008,\tlang:0x409,\tsize 4138...\r\n  Writing BITMAP:60011,\tlang:0x409,\tsize 4138...\r\n  Writing UIFILE:APPLICATION_RIBBON,\tlang:0x409,\tsize 1653\r\n  Writing STRING:3751,\tlang:0x409,\tsize 184\r\n  Setting environment for using Microsoft Visual Studio 2010 x86 tools.\r\n  Microsoft (R) Incremental Linker Version 10.00.30128.01\r\n  Copyright (C) Microsoft Corporation.  All rights reserved.\r\n  \r\n  \r\n  Starting pass 1\r\nLINK : warning LNK4068: /MACHINE not specified; defaulting to X86\r\n  \r\n  Searching libraries\r\n  \r\n  Finished searching libraries\r\n  \r\n  Finished pass 1\r\n  \r\n  \r\n  Invoking CVTRES.EXE:\r\n   /machine:x86\r\n   /verbose\r\n   /out:&quot;C:\\Users\\Ken\\AppData\\Local\\Temp\\lnk4461.tmp&quot;\r\n   /readonly\r\n   &quot;D:\\My Documents\\My Projects\\C#\\Ribbon\\Samples\\09-Galleries\\RibbonMarkup.res&quot;\r\n  Microsoft (R) Windows Resource To Object Converter Version 10.00.30128.01\r\n  Copyright (C) Microsoft Corporation.  All rights reserved.\r\n  \r\n  adding resource. type:BITMAP, name:60004, language:0x0409, flags:0x30, size:1066\r\n  adding resource. type:BITMAP, name:60005, language:0x0409, flags:0x30, size:4138\r\n  adding resource. type:BITMAP, name:60007, language:0x0409, flags:0x30, size:1066\r\n  adding resource. type:BITMAP, name:60008, language:0x0409, flags:0x30, size:4138\r\n  adding resource. type:BITMAP, name:60011, language:0x0409, flags:0x30, size:4138\r\n  adding resource. type:UIFILE, name:APPLICATION_RIBBON, language:0x0409, flags:0x30, size:1653\r\n  adding resource. type:STRING, name:3751, language:0x0409, flags:0x1030, size:184\r\n  Starting pass 2\r\n       RibbonMarkup.res\r\n  Finished pass 2\r\n  09-Galleries -&gt; D:\\My Documents\\My Projects\\C#\\Ribbon\\Samples\\09-Galleries\\bin\\Debug\\09-Galleries.exe\r\n------ Rebuild All started: Project: 08-Images, Configuration: Debug Any CPU ------\r\nD:\\My Documents\\My Projects\\C#\\Ribbon\\Samples\\08-Images\\RibbonMarkup.xml(42): warning SC2002: Undefined property: 'ApplicationMenu'. Using default value.\r\nD:\\My Documents\\My Projects\\C#\\Ribbon\\Samples\\08-Images\\RibbonMarkup.xml(42): warning SC2002: Undefined property: 'QuickAccessToolbar'. Using default value.\r\n  D:\\My Documents\\My Projects\\C#\\Ribbon\\Samples\\08-Images\\RibbonMarkup.xml : warning SC2001 at /Application/Application.Views/Ribbon/Ribbon.ApplicationMenu/ApplicationMenu: Undefined Command on element.\r\n  Header file generation successful: '(null)'.\r\n  Ribbon markup file validation successful: 'D:\\My Documents\\My Projects\\C#\\Ribbon\\Samples\\08-Images\\RibbonMarkup.xml'.\r\n  Ribbon resource file generation successful: 'D:\\My Documents\\My Projects\\C#\\Ribbon\\Samples\\08-Images\\RibbonMarkup.rc'.\r\n  Microsoft (R) Windows (R) Resource Compiler Version 6.1.7600.16385\r\n  \r\n  Copyright (C) Microsoft Corporation.  All rights reserved.\r\n  \r\n  \r\n  Creating D:\\My Documents\\My Projects\\C#\\Ribbon\\Samples\\08-Images\\RibbonMarkup.res\r\n  \r\n  Using codepage 1252 as default\r\n  \r\n  D:\\My Documents\\My Projects\\C#\\Ribbon\\Samples\\08-Images\\RibbonMarkup.rc..\r\n  Writing BITMAP:60002,\tlang:0x409,\tsize 4136..\r\n  Writing BITMAP:60004,\tlang:0x409,\tsize 4136..\r\n  Writing BITMAP:60006,\tlang:0x409,\tsize 4136....\r\n  Writing UIFILE:APPLICATION_RIBBON,\tlang:0x409,\tsize 1267\r\n  Writing STRING:3751,\tlang:0x409,\tsize 126\r\n  Setting environment for using Microsoft Visual Studio 2010 x86 tools.\r\n  Microsoft (R) Incremental Linker Version 10.00.30128.01\r\n  Copyright (C) Microsoft Corporation.  All rights reserved.\r\n  \r\n  \r\n  Starting pass 1\r\nLINK : warning LNK4068: /MACHINE not specified; defaulting to X86\r\n  \r\n  Searching libraries\r\n  \r\n  Finished searching libraries\r\n  \r\n  Finished pass 1\r\n  \r\n  \r\n  Invoking CVTRES.EXE:\r\n   /machine:x86\r\n   /verbose\r\n   /out:&quot;C:\\Users\\Ken\\AppData\\Local\\Temp\\lnk475D.tmp&quot;\r\n   /readonly\r\n   &quot;D:\\My Documents\\My Projects\\C#\\Ribbon\\Samples\\08-Images\\RibbonMarkup.res&quot;\r\n  Microsoft (R) Windows Resource To Object Converter Version 10.00.30128.01\r\n  Copyright (C) Microsoft Corporation.  All rights reserved.\r\n  \r\n  adding resource. type:BITMAP, name:60002, language:0x0409, flags:0x30, size:4136\r\n  adding resource. type:BITMAP, name:60004, language:0x0409, flags:0x30, size:4136\r\n  adding resource. type:BITMAP, name:60006, language:0x0409, flags:0x30, size:4136\r\n  adding resource. type:UIFILE, name:APPLICATION_RIBBON, language:0x0409, flags:0x30, size:1267\r\n  adding resource. type:STRING, name:3751, language:0x0409, flags:0x1030, size:126\r\n  Starting pass 2\r\n       RibbonMarkup.res\r\n  Finished pass 2\r\n  08-Images -&gt; D:\\My Documents\\My Projects\\C#\\Ribbon\\Samples\\08-Images\\bin\\Debug\\08-Images.exe\r\n------ Rebuild All started: Project: 07-RibbonColor, Configuration: Debug Any CPU ------\r\nD:\\My Documents\\My Projects\\C#\\Ribbon\\Samples\\07-RibbonColor\\RibbonMarkup.xml(123): warning SC2002: Undefined property: 'ApplicationMenu'. Using default value.\r\nD:\\My Documents\\My Projects\\C#\\Ribbon\\Samples\\07-RibbonColor\\RibbonMarkup.xml(123): warning SC2002: Undefined property: 'QuickAccessToolbar'. Using default value.\r\n  D:\\My Documents\\My Projects\\C#\\Ribbon\\Samples\\07-RibbonColor\\RibbonMarkup.xml : warning SC2001 at /Application/Application.Views/Ribbon/Ribbon.ApplicationMenu/ApplicationMenu: Undefined Command on element.\r\n  Header file generation successful: '(null)'.\r\n  Ribbon markup file validation successful: 'D:\\My Documents\\My Projects\\C#\\Ribbon\\Samples\\07-RibbonColor\\RibbonMarkup.xml'.\r\n  Ribbon resource file generation successful: 'D:\\My Documents\\My Projects\\C#\\Ribbon\\Samples\\07-RibbonColor\\RibbonMarkup.rc'.\r\n  Microsoft (R) Windows (R) Resource Compiler Version 6.1.7600.16385\r\n  \r\n  Copyright (C) Microsoft Corporation.  All rights reserved.\r\n  \r\n  \r\n  Creating D:\\My Documents\\My Projects\\C#\\Ribbon\\Samples\\07-RibbonColor\\RibbonMarkup.res\r\n  \r\n  Using codepage 1252 as default\r\n  \r\n  D:\\My Documents\\My Projects\\C#\\Ribbon\\Samples\\07-RibbonColor\\RibbonMarkup.rc.....\r\n  Writing BITMAP:60005,\tlang:0x409,\tsize 1066.\r\n  Writing BITMAP:60006,\tlang:0x409,\tsize 4138.....\r\n  Writing BITMAP:60011,\tlang:0x409,\tsize 1066.\r\n  Writing BITMAP:60012,\tlang:0x409,\tsize 4138.....\r\n  Writing BITMAP:60017,\tlang:0x409,\tsize 1066.\r\n  Writing BITMAP:60018,\tlang:0x409,\tsize 4138.....\r\n  Writing BITMAP:60023,\tlang:0x409,\tsize 1066.\r\n  Writing BITMAP:60024,\tlang:0x409,\tsize 4138....\r\n  Writing BITMAP:60028,\tlang:0x409,\tsize 4136....\r\n  Writing BITMAP:60032,\tlang:0x409,\tsize 4136....\r\n  Writing BITMAP:60036,\tlang:0x409,\tsize 4136.......\r\n  Writing UIFILE:APPLICATION_RIBBON,\tlang:0x409,\tsize 1817\r\n  Writing STRING:3751,\tlang:0x409,\tsize 310\r\n  Writing STRING:3752,\tlang:0x409,\tsize 274\r\n  Writing STRING:3753,\tlang:0x409,\tsize 156\r\n  Setting environment for using Microsoft Visual Studio 2010 x86 tools.\r\n  Microsoft (R) Incremental Linker Version 10.00.30128.01\r\n  Copyright (C) Microsoft Corporation.  All rights reserved.\r\n  \r\n  \r\n  Starting pass 1\r\nLINK : warning LNK4068: /MACHINE not specified; defaulting to X86\r\n  \r\n  Searching libraries\r\n  \r\n  Finished searching libraries\r\n  \r\n  Finished pass 1\r\n  \r\n  \r\n  Invoking CVTRES.EXE:\r\n   /machine:x86\r\n   /verbose\r\n   /out:&quot;C:\\Users\\Ken\\AppData\\Local\\Temp\\lnk49FC.tmp&quot;\r\n   /readonly\r\n   &quot;D:\\My Documents\\My Projects\\C#\\Ribbon\\Samples\\07-RibbonColor\\RibbonMarkup.res&quot;\r\n  Microsoft (R) Windows Resource To Object Converter Version 10.00.30128.01\r\n  Copyright (C) Microsoft Corporation.  All rights reserved.\r\n  \r\n  adding resource. type:BITMAP, name:60005, language:0x0409, flags:0x30, size:1066\r\n  adding resource. type:BITMAP, name:60006, language:0x0409, flags:0x30, size:4138\r\n  adding resource. type:BITMAP, name:60011, language:0x0409, flags:0x30, size:1066\r\n  adding resource. type:BITMAP, name:60012, language:0x0409, flags:0x30, size:4138\r\n  adding resource. type:BITMAP, name:60017, language:0x0409, flags:0x30, size:1066\r\n  adding resource. type:BITMAP, name:60018, language:0x0409, flags:0x30, size:4138\r\n  adding resource. type:BITMAP, name:60023, language:0x0409, flags:0x30, size:1066\r\n  adding resource. type:BITMAP, name:60024, language:0x0409, flags:0x30, size:4138\r\n  adding resource. type:BITMAP, name:60028, language:0x0409, flags:0x30, size:4136\r\n  adding resource. type:BITMAP, name:60032, language:0x0409, flags:0x30, size:4136\r\n  adding resource. type:BITMAP, name:60036, language:0x0409, flags:0x30, size:4136\r\n  adding resource. type:UIFILE, name:APPLICATION_RIBBON, language:0x0409, flags:0x30, size:1817\r\n  adding resource. type:STRING, name:3751, language:0x0409, flags:0x1030, size:310\r\n  adding resource. type:STRING, name:3752, language:0x0409, flags:0x1030, size:274\r\n  adding resource. type:STRING, name:3753, language:0x0409, flags:0x1030, size:156\r\n  Starting pass 2\r\n       RibbonMarkup.res\r\n  Finished pass 2\r\n  07-RibbonColor -&gt; D:\\My Documents\\My Projects\\C#\\Ribbon\\Samples\\07-RibbonColor\\bin\\Debug\\07-RibbonColor.exe\r\n------ Rebuild All started: Project: 06-ComboBox, Configuration: Debug Any CPU ------\r\nD:\\My Documents\\My Projects\\C#\\Ribbon\\Samples\\06-ComboBox\\RibbonMarkup.xml(80): warning SC2002: Undefined property: 'ApplicationMenu'. Using default value.\r\nD:\\My Documents\\My Projects\\C#\\Ribbon\\Samples\\06-ComboBox\\RibbonMarkup.xml(80): warning SC2002: Undefined property: 'QuickAccessToolbar'. Using default value.\r\n  D:\\My Documents\\My Projects\\C#\\Ribbon\\Samples\\06-ComboBox\\RibbonMarkup.xml : warning SC2001 at /Application/Application.Views/Ribbon/Ribbon.ApplicationMenu/ApplicationMenu: Undefined Command on element.\r\n  Header file generation successful: '(null)'.\r\n  D:\\My Documents\\My Projects\\C#\\Ribbon\\Samples\\06-ComboBox\\RibbonMarkup.xml(91): info SC3004 : Group.SizeDefinition property not specified.\r\n  Ribbon markup file validation successful: 'D:\\My Documents\\My Projects\\C#\\Ribbon\\Samples\\06-ComboBox\\RibbonMarkup.xml'.\r\n  Ribbon resource file generation successful: 'D:\\My Documents\\My Projects\\C#\\Ribbon\\Samples\\06-ComboBox\\RibbonMarkup.rc'.\r\n  Microsoft (R) Windows (R) Resource Compiler Version 6.1.7600.16385\r\n  \r\n  Copyright (C) Microsoft Corporation.  All rights reserved.\r\n  \r\n  \r\n  Creating D:\\My Documents\\My Projects\\C#\\Ribbon\\Samples\\06-ComboBox\\RibbonMarkup.res\r\n  \r\n  Using codepage 1252 as default\r\n  \r\n  D:\\My Documents\\My Projects\\C#\\Ribbon\\Samples\\06-ComboBox\\RibbonMarkup.rc..\r\n  Writing BITMAP:60002,\tlang:0x409,\tsize 4136..\r\n  Writing BITMAP:60004,\tlang:0x409,\tsize 4136..\r\n  Writing BITMAP:60006,\tlang:0x409,\tsize 4136..\r\n  Writing BITMAP:60008,\tlang:0x409,\tsize 4136..\r\n  Writing BITMAP:60010,\tlang:0x409,\tsize 4136..\r\n  Writing BITMAP:60012,\tlang:0x409,\tsize 4136.....\r\n  Writing UIFILE:APPLICATION_RIBBON,\tlang:0x409,\tsize 1605\r\n  Writing STRING:3751,\tlang:0x409,\tsize 200\r\n  Writing STRING:3752,\tlang:0x409,\tsize 68\r\n  Setting environment for using Microsoft Visual Studio 2010 x86 tools.\r\n  Microsoft (R) Incremental Linker Version 10.00.30128.01\r\n  Copyright (C) Microsoft Corporation.  All rights reserved.\r\n  \r\n  \r\n  Starting pass 1\r\nLINK : warning LNK4068: /MACHINE not specified; defaulting to X86\r\n  \r\n  Searching libraries\r\n  \r\n  Finished searching libraries\r\n  \r\n  Finished pass 1\r\n  \r\n  \r\n  Invoking CVTRES.EXE:\r\n   /machine:x86\r\n   /verbose\r\n   /out:&quot;C:\\Users\\Ken\\AppData\\Local\\Temp\\lnk4C9B.tmp&quot;\r\n   /readonly\r\n   &quot;D:\\My Documents\\My Projects\\C#\\Ribbon\\Samples\\06-ComboBox\\RibbonMarkup.res&quot;\r\n  Microsoft (R) Windows Resource To Object Converter Version 10.00.30128.01\r\n  Copyright (C) Microsoft Corporation.  All rights reserved.\r\n  \r\n  adding resource. type:BITMAP, name:60002, language:0x0409, flags:0x30, size:4136\r\n  adding resource. type:BITMAP, name:60004, language:0x0409, flags:0x30, size:4136\r\n  adding resource. type:BITMAP, name:60006, language:0x0409, flags:0x30, size:4136\r\n  adding resource. type:BITMAP, name:60008, language:0x0409, flags:0x30, size:4136\r\n  adding resource. type:BITMAP, name:60010, language:0x0409, flags:0x30, size:4136\r\n  adding resource. type:BITMAP, name:60012, language:0x0409, flags:0x30, size:4136\r\n  adding resource. type:UIFILE, name:APPLICATION_RIBBON, language:0x0409, flags:0x30, size:1605\r\n  adding resource. type:STRING, name:3751, language:0x0409, flags:0x1030, size:200\r\n  adding resource. type:STRING, name:3752, language:0x0409, flags:0x1030, size:68\r\n  Starting pass 2\r\n       RibbonMarkup.res\r\n  Finished pass 2\r\n  06-ComboBox -&gt; D:\\My Documents\\My Projects\\C#\\Ribbon\\Samples\\06-ComboBox\\bin\\Debug\\06-ComboBox.exe\r\n------ Rebuild All started: Project: 05-Spinner, Configuration: Debug Any CPU ------\r\nD:\\My Documents\\My Projects\\C#\\Ribbon\\Samples\\05-Spinner\\RibbonMarkup.xml(55): warning SC2002: Undefined property: 'ApplicationMenu'. Using default value.\r\nD:\\My Documents\\My Projects\\C#\\Ribbon\\Samples\\05-Spinner\\RibbonMarkup.xml(55): warning SC2002: Undefined property: 'QuickAccessToolbar'. Using default value.\r\n  D:\\My Documents\\My Projects\\C#\\Ribbon\\Samples\\05-Spinner\\RibbonMarkup.xml : warning SC2001 at /Application/Application.Views/Ribbon/Ribbon.ApplicationMenu/ApplicationMenu: Undefined Command on element.\r\n  Header file generation successful: '(null)'.\r\n  D:\\My Documents\\My Projects\\C#\\Ribbon\\Samples\\05-Spinner\\RibbonMarkup.xml(63): info SC3004 : Group.SizeDefinition property not specified.\r\n  Ribbon markup file validation successful: 'D:\\My Documents\\My Projects\\C#\\Ribbon\\Samples\\05-Spinner\\RibbonMarkup.xml'.\r\n  Ribbon resource file generation successful: 'D:\\My Documents\\My Projects\\C#\\Ribbon\\Samples\\05-Spinner\\RibbonMarkup.rc'.\r\n  Microsoft (R) Windows (R) Resource Compiler Version 6.1.7600.16385\r\n  \r\n  Copyright (C) Microsoft Corporation.  All rights reserved.\r\n  \r\n  \r\n  Creating D:\\My Documents\\My Projects\\C#\\Ribbon\\Samples\\05-Spinner\\RibbonMarkup.res\r\n  \r\n  Using codepage 1252 as default\r\n  \r\n  D:\\My Documents\\My Projects\\C#\\Ribbon\\Samples\\05-Spinner\\RibbonMarkup.rc.....\r\n  Writing BITMAP:60005,\tlang:0x409,\tsize 4136..\r\n  Writing BITMAP:60007,\tlang:0x409,\tsize 4136..\r\n  Writing BITMAP:60009,\tlang:0x409,\tsize 4136......\r\n  Writing UIFILE:APPLICATION_RIBBON,\tlang:0x409,\tsize 1381\r\n  Writing STRING:3751,\tlang:0x409,\tsize 300\r\n  Setting environment for using Microsoft Visual Studio 2010 x86 tools.\r\n  Microsoft (R) Incremental Linker Version 10.00.30128.01\r\n  Copyright (C) Microsoft Corporation.  All rights reserved.\r\n  \r\n  \r\n  Starting pass 1\r\nLINK : warning LNK4068: /MACHINE not specified; defaulting to X86\r\n  \r\n  Searching libraries\r\n  \r\n  Finished searching libraries\r\n  \r\n  Finished pass 1\r\n  \r\n  \r\n  Invoking CVTRES.EXE:\r\n   /machine:x86\r\n   /verbose\r\n   /out:&quot;C:\\Users\\Ken\\AppData\\Local\\Temp\\lnk4F0B.tmp&quot;\r\n   /readonly\r\n   &quot;D:\\My Documents\\My Projects\\C#\\Ribbon\\Samples\\05-Spinner\\RibbonMarkup.res&quot;\r\n  Microsoft (R) Windows Resource To Object Converter Version 10.00.30128.01\r\n  Copyright (C) Microsoft Corporation.  All rights reserved.\r\n  \r\n  adding resource. type:BITMAP, name:60005, language:0x0409, flags:0x30, size:4136\r\n  adding resource. type:BITMAP, name:60007, language:0x0409, flags:0x30, size:4136\r\n  adding resource. type:BITMAP, name:60009, language:0x0409, flags:0x30, size:4136\r\n  adding resource. type:UIFILE, name:APPLICATION_RIBBON, language:0x0409, flags:0x30, size:1381\r\n  adding resource. type:STRING, name:3751, language:0x0409, flags:0x1030, size:300\r\n  Starting pass 2\r\n       RibbonMarkup.res\r\n  Finished pass 2\r\n  05-Spinner -&gt; D:\\My Documents\\My Projects\\C#\\Ribbon\\Samples\\05-Spinner\\bin\\Debug\\05-Spinner.exe\r\n------ Rebuild All started: Project: 04-TabGroupHelp, Configuration: Debug Any CPU ------\r\nD:\\My Documents\\My Projects\\C#\\Ribbon\\Samples\\04-TabGroupHelp\\RibbonMarkup.xml(123): warning SC2002: Undefined property: 'ApplicationMenu'. Using default value.\r\nD:\\My Documents\\My Projects\\C#\\Ribbon\\Samples\\04-TabGroupHelp\\RibbonMarkup.xml(123): warning SC2002: Undefined property: 'QuickAccessToolbar'. Using default value.\r\n  D:\\My Documents\\My Projects\\C#\\Ribbon\\Samples\\04-TabGroupHelp\\RibbonMarkup.xml : warning SC2001 at /Application/Application.Views/Ribbon/Ribbon.ApplicationMenu/ApplicationMenu: Undefined Command on element.\r\n  Header file generation successful: '(null)'.\r\n  Ribbon markup file validation successful: 'D:\\My Documents\\My Projects\\C#\\Ribbon\\Samples\\04-TabGroupHelp\\RibbonMarkup.xml'.\r\n  Ribbon resource file generation successful: 'D:\\My Documents\\My Projects\\C#\\Ribbon\\Samples\\04-TabGroupHelp\\RibbonMarkup.rc'.\r\n  Microsoft (R) Windows (R) Resource Compiler Version 6.1.7600.16385\r\n  \r\n  Copyright (C) Microsoft Corporation.  All rights reserved.\r\n  \r\n  \r\n  Creating D:\\My Documents\\My Projects\\C#\\Ribbon\\Samples\\04-TabGroupHelp\\RibbonMarkup.res\r\n  \r\n  Using codepage 1252 as default\r\n  \r\n  D:\\My Documents\\My Projects\\C#\\Ribbon\\Samples\\04-TabGroupHelp\\RibbonMarkup.rc.....\r\n  Writing BITMAP:60005,\tlang:0x409,\tsize 1066.\r\n  Writing BITMAP:60006,\tlang:0x409,\tsize 4138.....\r\n  Writing BITMAP:60011,\tlang:0x409,\tsize 1066.\r\n  Writing BITMAP:60012,\tlang:0x409,\tsize 4138.....\r\n  Writing BITMAP:60017,\tlang:0x409,\tsize 1066.\r\n  Writing BITMAP:60018,\tlang:0x409,\tsize 4138.....\r\n  Writing BITMAP:60023,\tlang:0x409,\tsize 1066.\r\n  Writing BITMAP:60024,\tlang:0x409,\tsize 4138....\r\n  Writing BITMAP:60028,\tlang:0x409,\tsize 4136....\r\n  Writing BITMAP:60032,\tlang:0x409,\tsize 4136....\r\n  Writing BITMAP:60036,\tlang:0x409,\tsize 4136.......\r\n  Writing UIFILE:APPLICATION_RIBBON,\tlang:0x409,\tsize 1817\r\n  Writing STRING:3751,\tlang:0x409,\tsize 310\r\n  Writing STRING:3752,\tlang:0x409,\tsize 274\r\n  Writing STRING:3753,\tlang:0x409,\tsize 156\r\n  Setting environment for using Microsoft Visual Studio 2010 x86 tools.\r\n  Microsoft (R) Incremental Linker Version 10.00.30128.01\r\n  Copyright (C) Microsoft Corporation.  All rights reserved.\r\n  \r\n  \r\n  Starting pass 1\r\nLINK : warning LNK4068: /MACHINE not specified; defaulting to X86\r\n  \r\n  Searching libraries\r\n  \r\n  Finished searching libraries\r\n  \r\n  Finished pass 1\r\n  \r\n  \r\n  Invoking CVTRES.EXE:\r\n   /machine:x86\r\n   /verbose\r\n   /out:&quot;C:\\Users\\Ken\\AppData\\Local\\Temp\\lnk5217.tmp&quot;\r\n   /readonly\r\n   &quot;D:\\My Documents\\My Projects\\C#\\Ribbon\\Samples\\04-TabGroupHelp\\RibbonMarkup.res&quot;\r\n  Microsoft (R) Windows Resource To Object Converter Version 10.00.30128.01\r\n  Copyright (C) Microsoft Corporation.  All rights reserved.\r\n  \r\n  adding resource. type:BITMAP, name:60005, language:0x0409, flags:0x30, size:1066\r\n  adding resource. type:BITMAP, name:60006, language:0x0409, flags:0x30, size:4138\r\n  adding resource. type:BITMAP, name:60011, language:0x0409, flags:0x30, size:1066\r\n  adding resource. type:BITMAP, name:60012, language:0x0409, flags:0x30, size:4138\r\n  adding resource. type:BITMAP, name:60017, language:0x0409, flags:0x30, size:1066\r\n  adding resource. type:BITMAP, name:60018, language:0x0409, flags:0x30, size:4138\r\n  adding resource. type:BITMAP, name:60023, language:0x0409, flags:0x30, size:1066\r\n  adding resource. type:BITMAP, name:60024, language:0x0409, flags:0x30, size:4138\r\n  adding resource. type:BITMAP, name:60028, language:0x0409, flags:0x30, size:4136\r\n  adding resource. type:BITMAP, name:60032, language:0x0409, flags:0x30, size:4136\r\n  adding resource. type:BITMAP, name:60036, language:0x0409, flags:0x30, size:4136\r\n  adding resource. type:UIFILE, name:APPLICATION_RIBBON, language:0x0409, flags:0x30, size:1817\r\n  adding resource. type:STRING, name:3751, language:0x0409, flags:0x1030, size:310\r\n  adding resource. type:STRING, name:3752, language:0x0409, flags:0x1030, size:274\r\n  adding resource. type:STRING, name:3753, language:0x0409, flags:0x1030, size:156\r\n  Starting pass 2\r\n       RibbonMarkup.res\r\n  Finished pass 2\r\n  04-TabGroupHelp -&gt; D:\\My Documents\\My Projects\\C#\\Ribbon\\Samples\\04-TabGroupHelp\\bin\\Debug\\01-AddingRibbonSupport.exe\r\n------ Rebuild All started: Project: 03-MenuDropDown, Configuration: Debug Any CPU ------\r\nD:\\My Documents\\My Projects\\C#\\Ribbon\\Samples\\03-MenuDropDown\\RibbonMarkup.xml(115): warning SC2002: Undefined property: 'Tab'. Using default value.\r\nD:\\My Documents\\My Projects\\C#\\Ribbon\\Samples\\03-MenuDropDown\\RibbonMarkup.xml(115): warning SC2002: Undefined property: 'QuickAccessToolbar'. Using default value.\r\nD:\\My Documents\\My Projects\\C#\\Ribbon\\Samples\\03-MenuDropDown\\RibbonMarkup.xml(117): warning SC2001: Undefined Command on element.\r\nD:\\My Documents\\My Projects\\C#\\Ribbon\\Samples\\03-MenuDropDown\\RibbonMarkup.xml(135): warning SC2001: Undefined Command on element.\r\n  D:\\My Documents\\My Projects\\C#\\Ribbon\\Samples\\03-MenuDropDown\\RibbonMarkup.xml : warning SC2001 at /Application/Application.Views/Ribbon/Ribbon.Tabs/Tab: Undefined Command on element.\r\n  Header file generation successful: '(null)'.\r\n  Ribbon markup file validation successful: 'D:\\My Documents\\My Projects\\C#\\Ribbon\\Samples\\03-MenuDropDown\\RibbonMarkup.xml'.\r\n  Ribbon resource file generation successful: 'D:\\My Documents\\My Projects\\C#\\Ribbon\\Samples\\03-MenuDropDown\\RibbonMarkup.rc'.\r\n  Microsoft (R) Windows (R) Resource Compiler Version 6.1.7600.16385\r\n  \r\n  Copyright (C) Microsoft Corporation.  All rights reserved.\r\n  \r\n  \r\n  Creating D:\\My Documents\\My Projects\\C#\\Ribbon\\Samples\\03-MenuDropDown\\RibbonMarkup.res\r\n  \r\n  Using codepage 1252 as default\r\n  \r\n  D:\\My Documents\\My Projects\\C#\\Ribbon\\Samples\\03-MenuDropDown\\RibbonMarkup.rc.....\r\n  Writing BITMAP:60005,\tlang:0x409,\tsize 1066.\r\n  Writing BITMAP:60006,\tlang:0x409,\tsize 4138.....\r\n  Writing BITMAP:60011,\tlang:0x409,\tsize 1066.\r\n  Writing BITMAP:60012,\tlang:0x409,\tsize 4138.....\r\n  Writing BITMAP:60017,\tlang:0x409,\tsize 1066.\r\n  Writing BITMAP:60018,\tlang:0x409,\tsize 4138.....\r\n  Writing BITMAP:60023,\tlang:0x409,\tsize 1066.\r\n  Writing BITMAP:60024,\tlang:0x409,\tsize 4138....\r\n  Writing BITMAP:60028,\tlang:0x409,\tsize 1066.\r\n  Writing BITMAP:60029,\tlang:0x409,\tsize 4138....\r\n  Writing BITMAP:60033,\tlang:0x409,\tsize 4136....\r\n  Writing BITMAP:60037,\tlang:0x409,\tsize 4136....\r\n  Writing BITMAP:60041,\tlang:0x409,\tsize 4136....\r\n  Writing UIFILE:APPLICATION_RIBBON,\tlang:0x409,\tsize 1757\r\n  Writing STRING:3751,\tlang:0x409,\tsize 310\r\n  Writing STRING:3752,\tlang:0x409,\tsize 282\r\n  Writing STRING:3753,\tlang:0x409,\tsize 248\r\n  Setting environment for using Microsoft Visual Studio 2010 x86 tools.\r\n  Microsoft (R) Incremental Linker Version 10.00.30128.01\r\n  Copyright (C) Microsoft Corporation.  All rights reserved.\r\n  \r\n  \r\n  Starting pass 1\r\nLINK : warning LNK4068: /MACHINE not specified; defaulting to X86\r\n  \r\n  Searching libraries\r\n  \r\n  Finished searching libraries\r\n  \r\n  Finished pass 1\r\n  \r\n  \r\n  Invoking CVTRES.EXE:\r\n   /machine:x86\r\n   /verbose\r\n   /out:&quot;C:\\Users\\Ken\\AppData\\Local\\Temp\\lnk54E5.tmp&quot;\r\n   /readonly\r\n   &quot;D:\\My Documents\\My Projects\\C#\\Ribbon\\Samples\\03-MenuDropDown\\RibbonMarkup.res&quot;\r\n  Microsoft (R) Windows Resource To Object Converter Version 10.00.30128.01\r\n  Copyright (C) Microsoft Corporation.  All rights reserved.\r\n  \r\n  adding resource. type:BITMAP, name:60005, language:0x0409, flags:0x30, size:1066\r\n  adding resource. type:BITMAP, name:60006, language:0x0409, flags:0x30, size:4138\r\n  adding resource. type:BITMAP, name:60011, language:0x0409, flags:0x30, size:1066\r\n  adding resource. type:BITMAP, name:60012, language:0x0409, flags:0x30, size:4138\r\n  adding resource. type:BITMAP, name:60017, language:0x0409, flags:0x30, size:1066\r\n  adding resource. type:BITMAP, name:60018, language:0x0409, flags:0x30, size:4138\r\n  adding resource. type:BITMAP, name:60023, language:0x0409, flags:0x30, size:1066\r\n  adding resource. type:BITMAP, name:60024, language:0x0409, flags:0x30, size:4138\r\n  adding resource. type:BITMAP, name:60028, language:0x0409, flags:0x30, size:1066\r\n  adding resource. type:BITMAP, name:60029, language:0x0409, flags:0x30, size:4138\r\n  adding resource. type:BITMAP, name:60033, language:0x0409, flags:0x30, size:4136\r\n  adding resource. type:BITMAP, name:60037, language:0x0409, flags:0x30, size:4136\r\n  adding resource. type:BITMAP, name:60041, language:0x0409, flags:0x30, size:4136\r\n  adding resource. type:UIFILE, name:APPLICATION_RIBBON, language:0x0409, flags:0x30, size:1757\r\n  adding resource. type:STRING, name:3751, language:0x0409, flags:0x1030, size:310\r\n  adding resource. type:STRING, name:3752, language:0x0409, flags:0x1030, size:282\r\n  adding resource. type:STRING, name:3753, language:0x0409, flags:0x1030, size:248\r\n  Starting pass 2\r\n       RibbonMarkup.res\r\n  Finished pass 2\r\n  03-MenuDropDown -&gt; D:\\My Documents\\My Projects\\C#\\Ribbon\\Samples\\03-MenuDropDown\\bin\\Debug\\03-MenuDropDown.exe\r\n------ Rebuild All started: Project: 02-ApplicationMenuButton, Configuration: Debug Any CPU ------\r\nD:\\My Documents\\My Projects\\C#\\Ribbon\\Samples\\02-ApplicationMenuButton\\RibbonMarkup.xml(62): warning SC2002: Undefined property: 'Tab'. Using default value.\r\nD:\\My Documents\\My Projects\\C#\\Ribbon\\Samples\\02-ApplicationMenuButton\\RibbonMarkup.xml(62): warning SC2002: Undefined property: 'QuickAccessToolbar'. Using default value.\r\n  D:\\My Documents\\My Projects\\C#\\Ribbon\\Samples\\02-ApplicationMenuButton\\RibbonMarkup.xml : warning SC2001 at /Application/Application.Views/Ribbon/Ribbon.Tabs/Tab: Undefined Command on element.\r\n  Header file generation successful: '(null)'.\r\n  Ribbon markup file validation successful: 'D:\\My Documents\\My Projects\\C#\\Ribbon\\Samples\\02-ApplicationMenuButton\\RibbonMarkup.xml'.\r\n  Ribbon resource file generation successful: 'D:\\My Documents\\My Projects\\C#\\Ribbon\\Samples\\02-ApplicationMenuButton\\RibbonMarkup.rc'.\r\n  Microsoft (R) Windows (R) Resource Compiler Version 6.1.7600.16385\r\n  \r\n  Copyright (C) Microsoft Corporation.  All rights reserved.\r\n  \r\n  \r\n  Creating D:\\My Documents\\My Projects\\C#\\Ribbon\\Samples\\02-ApplicationMenuButton\\RibbonMarkup.res\r\n  \r\n  Using codepage 1252 as default\r\n  \r\n  D:\\My Documents\\My Projects\\C#\\Ribbon\\Samples\\02-ApplicationMenuButton\\RibbonMarkup.rc.....\r\n  Writing BITMAP:60005,\tlang:0x409,\tsize 1066.\r\n  Writing BITMAP:60006,\tlang:0x409,\tsize 4138.....\r\n  Writing BITMAP:60011,\tlang:0x409,\tsize 1066.\r\n  Writing BITMAP:60012,\tlang:0x409,\tsize 4138.....\r\n  Writing BITMAP:60017,\tlang:0x409,\tsize 1066.\r\n  Writing BITMAP:60018,\tlang:0x409,\tsize 4138.....\r\n  Writing BITMAP:60023,\tlang:0x409,\tsize 1066.\r\n  Writing BITMAP:60024,\tlang:0x409,\tsize 4138..\r\n  Writing UIFILE:APPLICATION_RIBBON,\tlang:0x409,\tsize 1331\r\n  Writing STRING:3751,\tlang:0x409,\tsize 256\r\n  Writing STRING:3752,\tlang:0x409,\tsize 196\r\n  Setting environment for using Microsoft Visual Studio 2010 x86 tools.\r\n  Microsoft (R) Incremental Linker Version 10.00.30128.01\r\n  Copyright (C) Microsoft Corporation.  All rights reserved.\r\n  \r\n  \r\n  Starting pass 1\r\nLINK : warning LNK4068: /MACHINE not specified; defaulting to X86\r\n  \r\n  Searching libraries\r\n  \r\n  Finished searching libraries\r\n  \r\n  Finished pass 1\r\n  \r\n  \r\n  Invoking CVTRES.EXE:\r\n   /machine:x86\r\n   /verbose\r\n   /out:&quot;C:\\Users\\Ken\\AppData\\Local\\Temp\\lnk582F.tmp&quot;\r\n   /readonly\r\n   &quot;D:\\My Documents\\My Projects\\C#\\Ribbon\\Samples\\02-ApplicationMenuButton\\RibbonMarkup.res&quot;\r\n  Microsoft (R) Windows Resource To Object Converter Version 10.00.30128.01\r\n  Copyright (C) Microsoft Corporation.  All rights reserved.\r\n  \r\n  adding resource. type:BITMAP, name:60005, language:0x0409, flags:0x30, size:1066\r\n  adding resource. type:BITMAP, name:60006, language:0x0409, flags:0x30, size:4138\r\n  adding resource. type:BITMAP, name:60011, language:0x0409, flags:0x30, size:1066\r\n  adding resource. type:BITMAP, name:60012, language:0x0409, flags:0x30, size:4138\r\n  adding resource. type:BITMAP, name:60017, language:0x0409, flags:0x30, size:1066\r\n  adding resource. type:BITMAP, name:60018, language:0x0409, flags:0x30, size:4138\r\n  adding resource. type:BITMAP, name:60023, language:0x0409, flags:0x30, size:1066\r\n  adding resource. type:BITMAP, name:60024, language:0x0409, flags:0x30, size:4138\r\n  adding resource. type:UIFILE, name:APPLICATION_RIBBON, language:0x0409, flags:0x30, size:1331\r\n  adding resource. type:STRING, name:3751, language:0x0409, flags:0x1030, size:256\r\n  adding resource. type:STRING, name:3752, language:0x0409, flags:0x1030, size:196\r\n  Starting pass 2\r\n       RibbonMarkup.res\r\n  Finished pass 2\r\n  02-ApplicationMenuButton -&gt; D:\\My Documents\\My Projects\\C#\\Ribbon\\Samples\\02-ApplicationMenuButton\\bin\\Debug\\02-ApplicationMenuButton.exe\r\n------ Rebuild All started: Project: 01-AddingRibbonSupport, Configuration: Debug Any CPU ------\r\nD:\\My Documents\\My Projects\\C#\\Ribbon\\Samples\\01-AddingRibbonSupport\\RibbonMarkup.xml(8): warning SC2002: Undefined property: 'ApplicationMenu'. Using default value.\r\nD:\\My Documents\\My Projects\\C#\\Ribbon\\Samples\\01-AddingRibbonSupport\\RibbonMarkup.xml(8): warning SC2002: Undefined property: 'Tab'. Using default value.\r\nD:\\My Documents\\My Projects\\C#\\Ribbon\\Samples\\01-AddingRibbonSupport\\RibbonMarkup.xml(8): warning SC2002: Undefined property: 'QuickAccessToolbar'. Using default value.\r\n  D:\\My Documents\\My Projects\\C#\\Ribbon\\Samples\\01-AddingRibbonSupport\\RibbonMarkup.xml : warning SC2001 at /Application/Application.Views/Ribbon/Ribbon.ApplicationMenu/ApplicationMenu: Undefined Command on element.\r\n  D:\\My Documents\\My Projects\\C#\\Ribbon\\Samples\\01-AddingRibbonSupport\\RibbonMarkup.xml : warning SC2001 at /Application/Application.Views/Ribbon/Ribbon.Tabs/Tab: Undefined Command on element.\r\n  Header file generation successful: '(null)'.\r\n  Ribbon markup file validation successful: 'D:\\My Documents\\My Projects\\C#\\Ribbon\\Samples\\01-AddingRibbonSupport\\RibbonMarkup.xml'.\r\n  Ribbon resource file generation successful: 'D:\\My Documents\\My Projects\\C#\\Ribbon\\Samples\\01-AddingRibbonSupport\\RibbonMarkup.rc'.\r\n  Microsoft (R) Windows (R) Resource Compiler Version 6.1.7600.16385\r\n  \r\n  Copyright (C) Microsoft Corporation.  All rights reserved.\r\n  \r\n  \r\n  Creating D:\\My Documents\\My Projects\\C#\\Ribbon\\Samples\\01-AddingRibbonSupport\\RibbonMarkup.res\r\n  \r\n  Using codepage 1252 as default\r\n  \r\n  D:\\My Documents\\My Projects\\C#\\Ribbon\\Samples\\01-AddingRibbonSupport\\RibbonMarkup.rc...\r\n  Writing UIFILE:APPLICATION_RIBBON,\tlang:0x409,\tsize 1042\r\n  Writing STRING:3751,\tlang:0x409,\tsize 104\r\n  Setting environment for using Microsoft Visual Studio 2010 x86 tools.\r\n  Microsoft (R) Incremental Linker Version 10.00.30128.01\r\n  Copyright (C) Microsoft Corporation.  All rights reserved.\r\n  \r\n  \r\n  Starting pass 1\r\nLINK : warning LNK4068: /MACHINE not specified; defaulting to X86\r\n  \r\n  Searching libraries\r\n  \r\n  Finished searching libraries\r\n  \r\n  Finished pass 1\r\n  \r\n  \r\n  Invoking CVTRES.EXE:\r\n   /machine:x86\r\n   /verbose\r\n   /out:&quot;C:\\Users\\Ken\\AppData\\Local\\Temp\\lnk5A9F.tmp&quot;\r\n   /readonly\r\n   &quot;D:\\My Documents\\My Projects\\C#\\Ribbon\\Samples\\01-AddingRibbonSupport\\RibbonMarkup.res&quot;\r\n  Microsoft (R) Windows Resource To Object Converter Version 10.00.30128.01\r\n  Copyright (C) Microsoft Corporation.  All rights reserved.\r\n  \r\n  adding resource. type:UIFILE, name:APPLICATION_RIBBON, language:0x0409, flags:0x30, size:1042\r\n  adding resource. type:STRING, name:3751, language:0x0409, flags:0x1030, size:104\r\n  Starting pass 2\r\n       RibbonMarkup.res\r\n  Finished pass 2\r\n  01-AddingRibbonSupport -&gt; D:\\My Documents\\My Projects\\C#\\Ribbon\\Samples\\01-AddingRibbonSupport\\bin\\Debug\\01-AddingRibbonSupport.exe\r\n------ Rebuild All started: Project: 18-SizeDefinition, Configuration: Debug Any CPU ------\r\nD:\\My Documents\\My Projects\\C#\\Ribbon\\Samples\\18-SizeDefinition\\RibbonMarkup.xml(99): warning SC2002: Undefined property: 'ApplicationMenu'. Using default value.\r\nD:\\My Documents\\My Projects\\C#\\Ribbon\\Samples\\18-SizeDefinition\\RibbonMarkup.xml(99): warning SC2002: Undefined property: 'QuickAccessToolbar'. Using default value.\r\nD:\\My Documents\\My Projects\\C#\\Ribbon\\Samples\\18-SizeDefinition\\RibbonMarkup.xml(145): warning SC2001: Undefined Command on element.\r\nD:\\My Documents\\My Projects\\C#\\Ribbon\\Samples\\18-SizeDefinition\\RibbonMarkup.xml(149): warning SC2001: Undefined Command on element.\r\n  D:\\My Documents\\My Projects\\C#\\Ribbon\\Samples\\18-SizeDefinition\\RibbonMarkup.xml : warning SC2001 at /Application/Application.Views/Ribbon/Ribbon.ApplicationMenu/ApplicationMenu: Undefined Command on element.\r\n  Header file generation successful: '(null)'.\r\nD:\\My Documents\\My Projects\\C#\\Ribbon\\Samples\\18-SizeDefinition\\RibbonMarkup.xml(101): warning SC1000: An invalid 'IsImageVisible' configuration has been found in the size definition 'ParagraphLayout'. A control in a smaller layout cannot have a size larger than that of the same control in a larger layout.\r\nD:\\My Documents\\My Projects\\C#\\Ribbon\\Samples\\18-SizeDefinition\\RibbonMarkup.xml(101): warning SC1000: An invalid 'IsImageVisible' configuration has been found in the size definition 'ParagraphLayout'. A control in a smaller layout cannot have a size larger than that of the same control in a larger layout.\r\nD:\\My Documents\\My Projects\\C#\\Ribbon\\Samples\\18-SizeDefinition\\RibbonMarkup.xml(101): warning SC1000: An invalid 'IsImageVisible' configuration has been found in the size definition 'ParagraphLayout'. A control in a smaller layout cannot have a size larger than that of the same control in a larger layout.\r\nD:\\My Documents\\My Projects\\C#\\Ribbon\\Samples\\18-SizeDefinition\\RibbonMarkup.xml(101): warning SC1000: An invalid 'IsImageVisible' configuration has been found in the size definition 'ParagraphLayout'. A control in a smaller layout cannot have a size larger than that of the same control in a larger layout.\r\nD:\\My Documents\\My Projects\\C#\\Ribbon\\Samples\\18-SizeDefinition\\RibbonMarkup.xml(101): warning SC1000: An invalid 'IsImageVisible' configuration has been found in the size definition 'ParagraphLayout'. A control in a smaller layout cannot have a size larger than that of the same control in a larger layout.\r\nD:\\My Documents\\My Projects\\C#\\Ribbon\\Samples\\18-SizeDefinition\\RibbonMarkup.xml(101): warning SC1000: An invalid 'IsImageVisible' configuration has been found in the size definition 'ParagraphLayout'. A control in a smaller layout cannot have a size larger than that of the same control in a larger layout.\r\nD:\\My Documents\\My Projects\\C#\\Ribbon\\Samples\\18-SizeDefinition\\RibbonMarkup.xml(101): warning SC1000: An invalid 'IsImageVisible' configuration has been found in the size definition 'ParagraphLayout'. A control in a smaller layout cannot have a size larger than that of the same control in a larger layout.\r\nD:\\My Documents\\My Projects\\C#\\Ribbon\\Samples\\18-SizeDefinition\\RibbonMarkup.xml(101): warning SC1000: An invalid 'IsImageVisible' configuration has been found in the size definition 'ParagraphLayout'. A control in a smaller layout cannot have a size larger than that of the same control in a larger layout.\r\nD:\\My Documents\\My Projects\\C#\\Ribbon\\Samples\\18-SizeDefinition\\RibbonMarkup.xml(101): warning SC1000: An invalid 'IsImageVisible' configuration has been found in the size definition 'ParagraphLayout'. A control in a smaller layout cannot have a size larger than that of the same control in a larger layout.\r\n  Ribbon markup file validation successful: 'D:\\My Documents\\My Projects\\C#\\Ribbon\\Samples\\18-SizeDefinition\\RibbonMarkup.xml'.\r\n  Ribbon resource file generation successful: 'D:\\My Documents\\My Projects\\C#\\Ribbon\\Samples\\18-SizeDefinition\\RibbonMarkup.rc'.\r\n  Microsoft (R) Windows (R) Resource Compiler Version 6.1.7600.16385\r\n  \r\n  Copyright (C) Microsoft Corporation.  All rights reserved.\r\n  \r\n  \r\n  Creating D:\\My Documents\\My Projects\\C#\\Ribbon\\Samples\\18-SizeDefinition\\RibbonMarkup.res\r\n  \r\n  Using codepage 1252 as default\r\n  \r\n  D:\\My Documents\\My Projects\\C#\\Ribbon\\Samples\\18-SizeDefinition\\RibbonMarkup.rc...\r\n  Writing BITMAP:60003,\tlang:0x409,\tsize 1066...\r\n  Writing BITMAP:60006,\tlang:0x409,\tsize 1066...\r\n  Writing BITMAP:60009,\tlang:0x409,\tsize 1066...\r\n  Writing BITMAP:60012,\tlang:0x409,\tsize 1066...\r\n  Writing BITMAP:60015,\tlang:0x409,\tsize 1066...\r\n  Writing BITMAP:60018,\tlang:0x409,\tsize 1066...\r\n  Writing BITMAP:60021,\tlang:0x409,\tsize 1066...\r\n  Writing BITMAP:60024,\tlang:0x409,\tsize 1066...\r\n  Writing BITMAP:60027,\tlang:0x409,\tsize 1066......\r\n  Writing UIFILE:APPLICATION_RIBBON,\tlang:0x409,\tsize 1936\r\n  Writing STRING:3751,\tlang:0x409,\tsize 668\r\n  Writing STRING:3752,\tlang:0x409,\tsize 710\r\n  Writing STRING:3753,\tlang:0x409,\tsize 68\r\n  Setting environment for using Microsoft Visual Studio 2010 x86 tools.\r\n  Microsoft (R) Incremental Linker Version 10.00.30128.01\r\n  Copyright (C) Microsoft Corporation.  All rights reserved.\r\n  \r\n  \r\n  Starting pass 1\r\nLINK : warning LNK4068: /MACHINE not specified; defaulting to X86\r\n  \r\n  Searching libraries\r\n  \r\n  Finished searching libraries\r\n  \r\n  Finished pass 1\r\n  \r\n  \r\n  Invoking CVTRES.EXE:\r\n   /machine:x86\r\n   /verbose\r\n   /out:&quot;C:\\Users\\Ken\\AppData\\Local\\Temp\\lnk5D6D.tmp&quot;\r\n   /readonly\r\n   &quot;D:\\My Documents\\My Projects\\C#\\Ribbon\\Samples\\18-SizeDefinition\\RibbonMarkup.res&quot;\r\n  Microsoft (R) Windows Resource To Object Converter Version 10.00.30128.01\r\n  Copyright (C) Microsoft Corporation.  All rights reserved.\r\n  \r\n  adding resource. type:BITMAP, name:60003, language:0x0409, flags:0x30, size:1066\r\n  adding resource. type:BITMAP, name:60006, language:0x0409, flags:0x30, size:1066\r\n  adding resource. type:BITMAP, name:60009, language:0x0409, flags:0x30, size:1066\r\n  adding resource. type:BITMAP, name:60012, language:0x0409, flags:0x30, size:1066\r\n  adding resource. type:BITMAP, name:60015, language:0x0409, flags:0x30, size:1066\r\n  adding resource. type:BITMAP, name:60018, language:0x0409, flags:0x30, size:1066\r\n  adding resource. type:BITMAP, name:60021, language:0x0409, flags:0x30, size:1066\r\n  adding resource. type:BITMAP, name:60024, language:0x0409, flags:0x30, size:1066\r\n  adding resource. type:BITMAP, name:60027, language:0x0409, flags:0x30, size:1066\r\n  adding resource. type:UIFILE, name:APPLICATION_RIBBON, language:0x0409, flags:0x30, size:1936\r\n  adding resource. type:STRING, name:3751, language:0x0409, flags:0x1030, size:668\r\n  adding resource. type:STRING, name:3752, language:0x0409, flags:0x1030, size:710\r\n  adding resource. type:STRING, name:3753, language:0x0409, flags:0x1030, size:68\r\n  Starting pass 2\r\n       RibbonMarkup.res\r\n  Finished pass 2\r\n  18-SizeDefinition -&gt; D:\\My Documents\\My Projects\\C#\\Ribbon\\Samples\\18-SizeDefinition\\bin\\Debug\\18-SizeDefinition.exe\r\n========== Rebuild All: 19 succeeded, 0 failed, 0 skipped ==========\r\n",
    "PostedDate": "2010-04-14T10:45:36.743-07:00",
    "UserRole": null,
    "MarkedAsAnswerDate": null
  },
  {
    "Id": "432119",
    "ThreadId": "207976",
    "Html": "<p>Compilation seems OK.</p>\r\n<p>I'm sorry, but I ran out of ideas about what could be the problem.</p>",
    "PostedDate": "2010-04-16T16:09:51.25-07:00",
    "UserRole": null,
    "MarkedAsAnswerDate": null
  },
  {
    "Id": "432187",
    "ThreadId": "207976",
    "Html": "<p>Thanks for trying. Next try when I have VS 2010 RTM.</p>",
    "PostedDate": "2010-04-17T00:40:51.463-07:00",
    "UserRole": null,
    "MarkedAsAnswerDate": null
  },
  {
    "Id": "432233",
    "ThreadId": "207976",
    "Html": "<p>One last idea,</p>\r\n<p>Make sure that the the called overload of InitFramework is the one that gets the ribbon dll name (set a breakpoint inside ribbon.cs).</p>\r\n<p>I've uploaded a small update to the code that prints to the output if the dll isn't found. Also if the dll couldn't be loaded it throws an exception.<br>&nbsp;</p>",
    "PostedDate": "2010-04-17T06:24:00.257-07:00",
    "UserRole": null,
    "MarkedAsAnswerDate": null
  }
]