[
  {
    "Id": "424333",
    "ThreadId": "207482",
    "Html": "<p>Most of the samples use SplitContainers ...my app uses a ToolStripContainer?&nbsp;&nbsp; ...any issues hosting the Ribbon in&nbsp;<span style=\"font-size:x-small\">TopToolStripPanel of a ToolStripContainer?</span></p>\r\n<p><span style=\"font-size:x-small\">Michael Herman (Toronto)</span></p>",
    "PostedDate": "2010-03-26T18:51:41.097-07:00",
    "UserRole": null,
    "MarkedAsAnswerDate": null
  },
  {
    "Id": "424387",
    "ThreadId": "207482",
    "Html": "<p>The SplitContainer is only used to easily move the other controls according to the ribbon height. It is not really a container for the ribbon.</p>\r\n<p>You can live without it if you handle the sizing issues yourself. You can ready about it in Part 3 of my Post series, see documentation.</p>",
    "PostedDate": "2010-03-27T01:25:49.787-07:00",
    "UserRole": null,
    "MarkedAsAnswerDate": null
  },
  {
    "Id": "424431",
    "ThreadId": "207482",
    "Html": "<p>So the Ribbon is kind of like an &quot;owner draw&quot; scenario in that it draws on top of whatever window handle its given? ...and it's up to the form to make sure the real estate at the top of the window is available for the [ribbon]?</p>\r\n<p>BTW, it appears <span style=\"font-size:x-small\">TopToolStripPanel height can't be forced.</span></p>\r\n<p><span style=\"font-size:x-small\">Michael Herman (Toronto)</span></p>",
    "PostedDate": "2010-03-27T06:34:08.21-07:00",
    "UserRole": null,
    "MarkedAsAnswerDate": null
  },
  {
    "Id": "424434",
    "ThreadId": "207482",
    "Html": "<p>I'm not sure the term &quot;owner draw&quot; fits here, but the behavior is like you've said.</p>",
    "PostedDate": "2010-03-27T06:44:45.107-07:00",
    "UserRole": null,
    "MarkedAsAnswerDate": null
  }
]