[
  {
    "Id": "245033",
    "ThreadId": "71808",
    "Html": "<p>Hi,</p>\r\n<p>I just want to say, that your wrapper also works fine under Vista Sp2 if you install the Platform Update, which backports the Ribbon from Windows 7 to Vista.</p>\r\n<p>Andr&eacute;</p>",
    "PostedDate": "2009-10-13T05:38:24.447-07:00",
    "UserRole": null,
    "MarkedAsAnswerDate": null
  },
  {
    "Id": "246880",
    "ThreadId": "71808",
    "Html": "<p>Thanks for the update.<br>It's nice to know.</p>\r\n<p>Arik.</p>",
    "PostedDate": "2009-10-17T08:36:13.073-07:00",
    "UserRole": null,
    "MarkedAsAnswerDate": null
  }
]