[
  {
    "Id": "425234",
    "ThreadId": "207729",
    "Html": "<p>Does anyone have a copy of a Windows 7 Ribbon XML schema file?&nbsp; ...one that Visual Studio can be configured to use for Intellsense for .ribbon.xml files?</p>\r\n<p>Michael Herman (Toronto)</p>",
    "PostedDate": "2010-03-29T21:46:02.24-07:00",
    "UserRole": null,
    "MarkedAsAnswerDate": null
  },
  {
    "Id": "425239",
    "ThreadId": "207729",
    "Html": "<p>Checkout the UICC.xsd file in the folder: &lt;&lt;C:\\Program Files\\Microsoft SDKs\\Windows\\v7.0\\Bin&gt;&gt;</p>\r\n<p>Michael Herman (Toronto)</p>",
    "PostedDate": "2010-03-29T21:54:40.307-07:00",
    "UserRole": null,
    "MarkedAsAnswerDate": null
  }
]