[
  {
    "Id": "595494",
    "ThreadId": "253449",
    "Html": "<p>Hi,</p>\n<p>&nbsp;</p>\n<p>Is it possible to&nbsp;&nbsp;<strong>disable or hide&nbsp;</strong>the following two options?</p>\n<p><strong>\"Minimize the Ribbon\"</strong> and</p>\n<p><strong>\"Show below the Ribbon\"</strong></p>\n<p>&nbsp;</p>\n<p><strong>Or</strong></p>\n<p>&nbsp;</p>\n<p>Is is possible to <strong>disable or hide</strong> the <strong>\"Customize Quick Access Toolbar\"</strong> button?</p>\n<p>&nbsp;</p>\n<p>Thanks.</p>\n<p>&nbsp;</p>\n<p><strong><br /> </strong></p>",
    "PostedDate": "2011-04-11T12:24:40.107-07:00",
    "UserRole": null,
    "MarkedAsAnswerDate": null
  }
]