[
  {
    "Id": "417751",
    "ThreadId": "204852",
    "Html": "<p><span id=\"result_box\"><span style=\"background-color:#fff\" title=\"Hola, he realizado el paso 3 de su tutorial para implementar Ribbon a una aplicación Windows Forms, y cuando la duro me sale todo bien pero el nombe de la primera pestaña, es decir el que aparece es &quot;Label:InternalCmd4&quot; pero quisiera cambiar yo\">Hi, I have performed step 3 of your tutorial to implement Ribbon to a Windows Forms application (<a href=\"http://blogs.microsoft.co.il/blogs/arik/archive/2009/09/15/windows-ribbon-for-winforms-part-3-first-winforms-ribbon-application.aspx\">http://blogs.microsoft.co.il/blogs/arik/archive/2009/09/15/windows-ribbon-for-winforms-part-3-first-winforms-ribbon-application.aspx</a>), and when I get everything right hard but Nombe the first tab that is displayed is the &quot;Label: InternalCmd4&quot; but I would like to change </span><span title=\"el nombre por otro, por ejemplo &quot;Inicio&quot;\">the name for another, for example &quot;Home&quot;.</span></span></p>\r\n<p><span><span title=\"el nombre por otro, por ejemplo &quot;Inicio&quot;\">&nbsp;</span></span></p>\r\n<p><img src=\"http://blogs.microsoft.co.il/blogs/arik/image_662F9DD6.png\" alt=\"\" width=328 height=331></p>",
    "PostedDate": "2010-03-13T06:27:34.123-08:00",
    "UserRole": null,
    "MarkedAsAnswerDate": null
  },
  {
    "Id": "420246",
    "ThreadId": "204852",
    "Html": "<p>Check out part 6 of this blog series.</p>\r\n<p>The table of contents is here: <a href=\"http://blogs.microsoft.co.il/blogs/arik/archive/2009/12/23/windows-ribbon-for-winforms-part-0-table-of-contents.aspx\">http://blogs.microsoft.co.il/blogs/arik/archive/2009/12/23/windows-ribbon-for-winforms-part-0-table-of-contents.aspx</a></p>\r\n<p>If you havn't already done so, I suggest reading it in order.</p>",
    "PostedDate": "2010-03-19T06:57:59.133-07:00",
    "UserRole": null,
    "MarkedAsAnswerDate": null
  }
]