[
  {
    "Id": "998927",
    "ThreadId": "432571",
    "Html": "Good day all!!!\r<br />\n<br />\nI wanted to know if it was possible to:\r<br />\n<br />\n01: Create the menu dynamically using records taken from a database (Adding panels to the ribbon, then adding groups to the panels and then add buttons to the groups);\r<br />\n<br />\n02: Create a menu that doesn't have tabs or tab titles (I just have one tab so I don't need to see that tab title).<br />\n",
    "PostedDate": "2013-02-09T08:30:33.62-08:00",
    "UserRole": null,
    "MarkedAsAnswerDate": null
  }
]