[
  {
    "Id": "506521",
    "ThreadId": "230709",
    "Html": "<p>The hot keys using Ctrl + Letter are not working for me. What funny is the Alt + (Displayed Key) is.</p>\r\n<p>Not sure yet what the problem is. Please help.&nbsp;</p>",
    "PostedDate": "2010-10-13T03:05:10.667-07:00",
    "UserRole": null,
    "MarkedAsAnswerDate": null
  },
  {
    "Id": "506536",
    "ThreadId": "230709",
    "Html": "<p>There is no automatic handling of Ctrl + (Letter) in the Windows Ribbon Framework.<br>You must handle this key press yourself.</p>\r\n<p>The only automatic access keys are Alt + (Displayed Letter), which you already find out yourself.</p>",
    "PostedDate": "2010-10-13T03:26:10.483-07:00",
    "UserRole": null,
    "MarkedAsAnswerDate": null
  },
  {
    "Id": "506712",
    "ThreadId": "230709",
    "Html": "<div id=\"_mcePaste\" style=\"width:1px;height:1px;overflow:hidden;top:0px;left:-10000px\">﻿</div>\r\n<div style=\"color:black;background-color:white\">\r\n<pre>That works. Was thinking it was automatic because of the tooltip the example has. Here a very, very SIMPLE example of a </pre>\r\n<pre>KeyUp Event for anyone else that need it. Still wish I could foreach the ribbon to get all the RibbonButtons and Invoke the event.</pre>\r\n<pre>        <span style=\"color:blue\">public</span> <span style=\"color:blue\">void</span> Editor_KeyUp(<span style=\"color:blue\">object</span> sender, KeyEventArgs e)\r\n        {\r\n            <span style=\"color:blue\">if</span> (e.Control)\r\n            {\r\n                <span style=\"color:blue\">switch</span> (e.KeyCode)\r\n                {\r\n                    <span style=\"color:blue\">case</span> Keys.N:\r\n                        mnuNewProject_Click(<span style=\"color:blue\">null</span>, <span style=\"color:blue\">null</span>);\r\n                        <span style=\"color:blue\">break</span>;\r\n                }\r\n            }\r\n        }\r\n</pre>\r\n</div>",
    "PostedDate": "2010-10-13T09:17:17.793-07:00",
    "UserRole": null,
    "MarkedAsAnswerDate": null
  },
  {
    "Id": "507076",
    "ThreadId": "230709",
    "Html": "<p>Thanks for sharing.</p>",
    "PostedDate": "2010-10-14T00:29:52.95-07:00",
    "UserRole": null,
    "MarkedAsAnswerDate": null
  }
]