[
  {
    "Id": "423221",
    "ThreadId": "207191",
    "Html": "<p>Is there anyway that anyone knows of to make this run/work on WIndows XP?</p>",
    "PostedDate": "2010-03-24T13:11:45.46-07:00",
    "UserRole": null,
    "MarkedAsAnswerDate": null
  },
  {
    "Id": "423280",
    "ThreadId": "207191",
    "Html": "<p>Unfortunately, the Windows Ribbon Framework is not support on Windows XP.<br>So there is nothing you can do about that.</p>\r\n<p>If this is a must you should probably search for a third party control.</p>",
    "PostedDate": "2010-03-24T15:26:08.773-07:00",
    "UserRole": null,
    "MarkedAsAnswerDate": null
  }
]