{
  "WorkItem": {
    "AffectedComponent": {
      "Name": "",
      "DisplayName": ""
    },
    "ClosedComment": "Included now under &#92;External DLLs&#92;Ribbon project and samples refer to this location.",
    "ClosedDate": "2009-10-17T14:29:01.243-07:00",
    "CommentCount": 0,
    "Custom": null,
    "Description": "Please compile the WindowsAPICodePack DLL and put it into the source version system and reference to the included DLL, so that people are able to compile your Ribbon Control even if they didn't have the WindowsAPICodePack installed.",
    "LastUpdatedDate": "2013-05-16T03:57:07.327-07:00",
    "PlannedForRelease": "",
    "ReleaseVisibleToPublic": false,
    "Priority": {
      "Name": "Low",
      "Severity": 50,
      "Id": 1
    },
    "ProjectName": "windowsribbon",
    "ReportedDate": "2009-10-13T05:49:38.637-07:00",
    "Status": {
      "Name": "Closed",
      "Id": 4
    },
    "ReasonClosed": {
      "Name": "Unassigned"
    },
    "Summary": "Include the precompiled WindowsAPICodePack DLL into version control",
    "Type": {
      "Name": "Issue",
      "Id": 3
    },
    "VoteCount": 1,
    "Id": 2798
  },
  "FileAttachments": [],
  "Comments": []
}