{
  "WorkItem": {
    "AffectedComponent": {
      "Name": "",
      "DisplayName": ""
    },
    "ClosedComment": "",
    "ClosedDate": null,
    "CommentCount": 0,
    "Custom": null,
    "Description": "The DecimalValue property in SpinnerPropertiesProvider.cs was broken when decimal? _decimalValue was removed. I've attached the patched file.",
    "LastUpdatedDate": "2013-02-21T16:15:48.957-08:00",
    "PlannedForRelease": "",
    "ReleaseVisibleToPublic": false,
    "Priority": {
      "Name": "Low",
      "Severity": 50,
      "Id": 1
    },
    "ProjectName": "windowsribbon",
    "ReportedDate": "2011-11-03T23:23:58.48-07:00",
    "Status": {
      "Name": "Proposed",
      "Id": 1
    },
    "ReasonClosed": {
      "Name": "Unassigned"
    },
    "Summary": "Spinner.DecimalValue broken in changeset 63156",
    "Type": {
      "Name": "Issue",
      "Id": 3
    },
    "VoteCount": 1,
    "Id": 6585
  },
  "FileAttachments": [
    {
      "FileId": 2219,
      "FileName": "SpinnerPropertiesProvider.cs",
      "DownloadUrl": ".\\2219"
    }
  ],
  "Comments": [
    {
      "Message": "Thanks, this fix got rid of the bug.",
      "PostedDate": "2012-07-20T12:01:23.037-07:00",
      "Id": -2147483648
    },
    {
      "Message": "",
      "PostedDate": "2013-02-21T16:15:48.957-08:00",
      "Id": -2147483648
    }
  ]
}