{
  "WorkItem": {
    "AffectedComponent": {
      "Name": "",
      "DisplayName": ""
    },
    "ClosedComment": "Not a bug. Solved in comments.",
    "ClosedDate": "2010-10-08T16:03:16.54-07:00",
    "CommentCount": 0,
    "Custom": null,
    "Description": "I have a error of compilation:\n \n------ Rebuild All started: Project: Ribbon, Configuration: Debug Any CPU ------\n  Ribbon -> \\Ribbon\\Ribbon\\bin\\Debug\\Ribbon.dll\n------ Rebuild All started: Project: 01-AddingRibbonSupport, Configuration: Debug Any CPU ------\n  The system cannot find the path specified.\n  The system cannot find the path specified.\n  Setting environment for using Microsoft Visual Studio 2010 x86 tools.\n  Microsoft (R) Incremental Linker Version 10.00.30319.01\n  Copyright (C) Microsoft Corporation.  All rights reserved.\n  \n  \n  Starting pass 1\nLINK : fatal error LNK1181: cannot open input file '\\Ribbon\\Samples\\CS\\01-AddingRibbonSupport\\RibbonMarkup.res'\nC:\\Windows\\Microsoft.NET\\Framework\\v4.0.30319\\Microsoft.Common.targets(902,9): error MSB3073: The command \"\"%PROGRAMFILES%\\Microsoft SDKs\\Windows\\v7.0\\Bin\\UICC.exe\"  \"\\Ribbon\\Samples\\CS\\01-AddingRibbonSupport\\RibbonMarkup.xml\" \"Ribbon\\Samples\\CS\\01-AddingRibbonSupport\\RibbonMarkup.bml\" /res:\"\\Ribbon\\Samples\\CS\\01-AddingRibbonSupport\\RibbonMarkup.rc\"\nC:\\Windows\\Microsoft.NET\\Framework\\v4.0.30319\\Microsoft.Common.targets(902,9): error MSB3073: \"%PROGRAMFILES%\\Microsoft SDKs\\Windows\\v7.0\\Bin\\rc.exe\" /v \"\\Ribbon\\Samples\\CS\\01-AddingRibbonSupport\\RibbonMarkup.rc\"\nC:\\Windows\\Microsoft.NET\\Framework\\v4.0.30319\\Microsoft.Common.targets(902,9): error MSB3073: cmd /c \"(\"c:\\Program Files (x86)\\Microsoft Visual Studio 10.0\\Common7\\IDE\\..\\..\\VC\\bin\\vcvars32.bat\") && (\"c:\\Program Files (x86)\\Microsoft Visual Studio 10.0\\Common7\\IDE\\..\\..\\VC\\bin\\link.exe\" /VERBOSE /NOENTRY /DLL /OUT:\"\\Ribbon\\Samples\\CS\\01-AddingRibbonSupport\\bin\\Debug\\01-AddingRibbonSupport.ribbon.dll\" \"\\Ribbon\\Samples\\CS\\01-AddingRibbonSupport\\RibbonMarkup.res\")\"\nC:\\Windows\\Microsoft.NET\\Framework\\v4.0.30319\\Microsoft.Common.targets(902,9): error MSB3073: \" exited with code 1181.\n========== Rebuild All: 1 succeeded, 1 failed, 0 skipped ==========",
    "LastUpdatedDate": "2013-05-16T03:57:06.06-07:00",
    "PlannedForRelease": "",
    "ReleaseVisibleToPublic": false,
    "Priority": {
      "Name": "Low",
      "Severity": 50,
      "Id": 1
    },
    "ProjectName": "windowsribbon",
    "ReportedDate": "2010-06-19T06:09:06.593-07:00",
    "Status": {
      "Name": "Closed",
      "Id": 4
    },
    "ReasonClosed": {
      "Name": "Unassigned"
    },
    "Summary": "LINK : fatal error LNK1181: cannot open input file '...\\Ribbon\\Samples\\CS\\01-AddingRibbonSupport\\RibbonMarkup.res'",
    "Type": {
      "Name": "Issue",
      "Id": 3
    },
    "VoteCount": 1,
    "Id": 4660
  },
  "FileAttachments": [],
  "Comments": [
    {
      "Message": "Your system cannot find the uicc.exe and rc.exe files.\r\nMake sure you have installed Windows 7 SDK.\r\n\r\nAlso, if you run on 64bit OS, check this: http://windowsribbon.codeplex.com/Thread/View.aspx?ThreadId=77456\r\n",
      "PostedDate": "2010-06-20T08:38:20.713-07:00",
      "Id": -2147483648
    },
    {
      "Message": "Thank you!\r\nNow everything great!!!",
      "PostedDate": "2010-06-20T10:56:11.577-07:00",
      "Id": -2147483648
    },
    {
      "Message": "",
      "PostedDate": "2010-10-08T16:03:16.54-07:00",
      "Id": -2147483648
    },
    {
      "Message": "",
      "PostedDate": "2013-02-21T16:15:49.773-08:00",
      "Id": -2147483648
    },
    {
      "Message": "",
      "PostedDate": "2013-05-16T03:57:06.06-07:00",
      "Id": -2147483648
    }
  ]
}